ID, Antenna, Switches, Position, Value, Value decimal
0, 10, 1111, 01, 1111111111111010, -6
1, 10, 1111, 01, 1111111111111101, -3
2, 10, 1111, 01, 1111111111111111, -1
3, 10, 1111, 01, 0000000000000000, 0
4, 10, 1111, 01, 1111111111111101, -3
5, 10, 1111, 01, 1111111111111111, -1
6, 10, 1111, 01, 0000000000000000, 0
7, 10, 1111, 01, 0000000000000001, 1
8, 10, 1111, 01, 0000000000000000, 0
9, 10, 1111, 01, 0000000000000000, 0
10, 10, 1111, 01, 1111111111111111, -1
11, 10, 1111, 01, 0000000000000010, 2
12, 10, 1111, 01, 0000000000000001, 1
13, 10, 1111, 01, 0000000000000001, 1
14, 10, 1111, 01, 0000000000000001, 1
15, 10, 1111, 01, 0000000000000010, 2
16, 10, 1111, 01, 1111111111111111, -1
17, 10, 1111, 01, 0000000000000000, 0
18, 10, 1111, 01, 1111111111111111, -1
19, 10, 1111, 01, 0000000000000000, 0
20, 10, 1111, 01, 0000000000000010, 2
21, 10, 1111, 01, 1111111111111111, -1
22, 10, 1111, 01, 0000000000000000, 0
23, 10, 1111, 01, 0000000000000000, 0
24, 10, 1111, 01, 1111111111111111, -1
25, 10, 1111, 01, 0000000000000010, 2
26, 10, 1111, 01, 0000000000000010, 2
27, 10, 1111, 01, 0000000000000001, 1
28, 10, 1111, 01, 0000000000000001, 1
29, 10, 1111, 01, 0000000000000010, 2
30, 10, 1111, 01, 0000000000000001, 1
31, 10, 1111, 01, 0000000000000000, 0
32, 10, 1111, 01, 0000000000000010, 2
33, 10, 1111, 01, 0000000000000000, 0
34, 10, 1111, 01, 0000000000000000, 0
35, 10, 1111, 01, 1111111111111110, -2
36, 10, 1111, 01, 1111111111111111, -1
37, 10, 1111, 01, 0000000000000000, 0
38, 10, 1111, 01, 0000000000000001, 1
39, 10, 1111, 01, 0000000000000001, 1
40, 10, 1111, 01, 0000000000000010, 2
41, 10, 1111, 01, 0000000000000000, 0
42, 10, 1111, 01, 0000000000000010, 2
43, 10, 1111, 01, 0000000000000010, 2
44, 10, 1111, 01, 0000000000000000, 0
45, 10, 1111, 01, 0000000000000001, 1
46, 10, 1111, 01, 0000000000000000, 0
47, 10, 1111, 01, 0000000000000010, 2
48, 10, 1111, 01, 0000000000000000, 0
49, 10, 1111, 01, 1111111111111111, -1
50, 10, 1111, 01, 0000000000000000, 0
51, 10, 1111, 01, 0000000000000000, 0
52, 10, 1111, 01, 0000000000000001, 1
53, 10, 1111, 01, 1111111111111111, -1
54, 10, 1111, 01, 0000000000000001, 1
55, 10, 1111, 01, 1111111111111111, -1
56, 10, 1111, 01, 0000000000000001, 1
57, 10, 1111, 01, 0000000000000001, 1
58, 10, 1111, 01, 0000000000000010, 2
59, 10, 1111, 01, 0000000000000001, 1
60, 10, 1111, 01, 0000000000000000, 0
61, 10, 1111, 01, 0000000000000001, 1
62, 10, 1111, 01, 0000000000000001, 1
63, 10, 1111, 01, 0000000000000000, 0
64, 10, 1111, 01, 0000000000000000, 0
65, 10, 1111, 01, 0000000000000000, 0
66, 10, 1111, 01, 0000000000000010, 2
67, 10, 1111, 01, 0000000000000001, 1
68, 10, 1111, 01, 0000000000000001, 1
69, 10, 1111, 01, 0000000000000100, 4
70, 10, 1111, 01, 0000000000000000, 0
71, 10, 1111, 01, 0000000000000001, 1
72, 10, 1111, 01, 0000000000000010, 2
73, 10, 1111, 01, 0000000000000001, 1
74, 10, 1111, 01, 0000000000000000, 0
75, 10, 1111, 01, 0000000000000010, 2
76, 10, 1111, 01, 1111111111111111, -1
77, 10, 1111, 01, 0000000000000000, 0
78, 10, 1111, 01, 0000000000000010, 2
79, 10, 1111, 01, 0000000000000001, 1
80, 10, 1111, 01, 0000000000000001, 1
81, 10, 1111, 01, 0000000000000000, 0
82, 10, 1111, 01, 0000000000000000, 0
83, 10, 1111, 01, 0000000000000000, 0
84, 10, 1111, 01, 0000000000000001, 1
85, 10, 1111, 01, 1111111111111111, -1
86, 10, 1111, 01, 0000000000000000, 0
87, 10, 1111, 01, 0000000000000001, 1
88, 10, 1111, 01, 1111111111111111, -1
89, 10, 1111, 01, 0000000000000000, 0
90, 10, 1111, 01, 0000000000000011, 3
91, 10, 1111, 01, 0000000000000010, 2
92, 10, 1111, 01, 0000000000000001, 1
93, 10, 1111, 01, 1111111111111111, -1
94, 10, 1111, 01, 0000000000000001, 1
95, 10, 1111, 01, 0000000000000010, 2
96, 10, 1111, 01, 0000000000000001, 1
97, 10, 1111, 01, 0000000000000010, 2
98, 10, 1111, 01, 0000000000000001, 1
99, 10, 1111, 01, 0000000000000010, 2
100, 10, 1111, 01, 1111111111111111, -1
101, 10, 1111, 01, 0000000000000001, 1
102, 10, 1111, 01, 0000000000000000, 0
103, 10, 1111, 01, 0000000000000001, 1
104, 10, 1111, 01, 0000000000000001, 1
105, 10, 1111, 01, 0000000000000001, 1
106, 10, 1111, 01, 0000000000000011, 3
107, 10, 1111, 01, 0000000000000001, 1
108, 10, 1111, 01, 0000000000000000, 0
109, 10, 1111, 01, 0000000000000001, 1
110, 10, 1111, 01, 0000000000000010, 2
111, 10, 1111, 01, 0000000000000001, 1
112, 10, 1111, 01, 0000000000000010, 2
113, 10, 1111, 01, 0000000000000000, 0
114, 10, 1111, 01, 0000000000000001, 1
115, 10, 1111, 01, 1111111111111111, -1
116, 10, 1111, 01, 1111111111111111, -1
117, 10, 1111, 01, 0000000000000001, 1
118, 10, 1111, 01, 0000000000000000, 0
119, 10, 1111, 01, 0000000000000010, 2
120, 10, 1111, 01, 0000000000000000, 0
121, 10, 1111, 01, 0000000000000001, 1
122, 10, 1111, 01, 0000000000000000, 0
123, 10, 1111, 01, 0000000000000001, 1
124, 10, 1111, 01, 0000000000000000, 0
125, 10, 1111, 01, 0000000000000000, 0
126, 10, 1111, 01, 0000000000000001, 1
127, 10, 1111, 01, 0000000000000011, 3
128, 10, 1111, 01, 1111111111111111, -1
129, 10, 1111, 01, 1111111111111111, -1
130, 10, 1111, 01, 0000000000000001, 1
131, 10, 1111, 01, 1111111111111110, -2
132, 10, 1111, 01, 0000000000000001, 1
133, 10, 1111, 01, 0000000000000001, 1
134, 10, 1111, 01, 1111111111111111, -1
135, 10, 1111, 01, 1111111111111111, -1
136, 10, 1111, 01, 0000000000000000, 0
137, 10, 1111, 01, 0000000000000010, 2
138, 10, 1111, 01, 0000000000000001, 1
139, 10, 1111, 01, 0000000000000000, 0
140, 10, 1111, 01, 0000000000000000, 0
141, 10, 1111, 01, 1111111111111111, -1
142, 10, 1111, 01, 0000000000000000, 0
143, 10, 1111, 01, 1111111111111111, -1
144, 10, 1111, 01, 0000000000000001, 1
145, 10, 1111, 01, 0000000000000000, 0
146, 10, 1111, 01, 0000000000000001, 1
147, 10, 1111, 01, 0000000000000001, 1
148, 10, 1111, 01, 0000000000000011, 3
149, 10, 1111, 01, 0000000000000010, 2
150, 10, 1111, 01, 0000000000000000, 0
151, 10, 1111, 01, 0000000000000000, 0
152, 10, 1111, 01, 0000000000000000, 0
153, 10, 1111, 01, 0000000000000000, 0
154, 10, 1111, 01, 1111111111111111, -1
155, 10, 1111, 01, 0000000000000001, 1
156, 10, 1111, 01, 0000000000000001, 1
157, 10, 1111, 01, 0000000000000001, 1
158, 10, 1111, 01, 0000000000000000, 0
159, 10, 1111, 01, 1111111111111111, -1
160, 10, 1111, 01, 0000000000000010, 2
161, 10, 1111, 01, 1111111111111111, -1
162, 10, 1111, 01, 1111111111111111, -1
163, 10, 1111, 01, 1111111111111111, -1
164, 10, 1111, 01, 0000000000000000, 0
165, 10, 1111, 01, 0000000000000000, 0
166, 10, 1111, 01, 1111111111111111, -1
167, 10, 1111, 01, 0000000000000001, 1
168, 10, 1111, 01, 1111111111111111, -1
169, 10, 1111, 01, 0000000000000001, 1
170, 10, 1111, 01, 0000000000000000, 0
171, 10, 1111, 01, 0000000000000001, 1
172, 10, 1111, 01, 0000000000000001, 1
173, 10, 1111, 01, 0000000000000000, 0
174, 10, 1111, 01, 0000000000000000, 0
175, 10, 1111, 01, 0000000000000000, 0
176, 10, 1111, 01, 1111111111111111, -1
177, 10, 1111, 01, 0000000000000000, 0
178, 10, 1111, 01, 0000000000000000, 0
179, 10, 1111, 01, 1111111111111111, -1
180, 10, 1111, 01, 0000000000000001, 1
181, 10, 1111, 01, 0000000000000001, 1
182, 10, 1111, 01, 1111111111111111, -1
183, 10, 1111, 01, 0000000000000001, 1
184, 10, 1111, 01, 0000000000000001, 1
185, 10, 1111, 01, 1111111111111111, -1
186, 10, 1111, 01, 0000000000000001, 1
187, 10, 1111, 01, 0000000000000001, 1
188, 10, 1111, 01, 0000000000000000, 0
189, 10, 1111, 01, 0000000000000000, 0
190, 10, 1111, 01, 0000000000000010, 2
191, 10, 1111, 01, 0000000000000010, 2
192, 10, 1111, 01, 0000000000000001, 1
193, 10, 1111, 01, 0000000000000001, 1
194, 10, 1111, 01, 0000000000000001, 1
195, 10, 1111, 01, 0000000000000010, 2
196, 10, 1111, 01, 0000000000000010, 2
197, 10, 1111, 01, 0000000000000000, 0
198, 10, 1111, 01, 0000000000000001, 1
199, 10, 1111, 01, 1111111111111101, -3
200, 10, 1111, 01, 1111111111111111, -1
201, 10, 1111, 01, 0000000000000001, 1
202, 10, 1111, 01, 0000000000000010, 2
203, 10, 1111, 01, 0000000000000001, 1
204, 10, 1111, 01, 1111111111111111, -1
205, 10, 1111, 01, 0000000000000001, 1
206, 10, 1111, 01, 0000000000000000, 0
207, 10, 1111, 01, 0000000000000001, 1
208, 10, 1111, 01, 0000000000000001, 1
209, 10, 1111, 01, 0000000000000000, 0
210, 10, 1111, 01, 0000000000000000, 0
211, 10, 1111, 01, 0000000000000000, 0
212, 10, 1111, 01, 0000000000000000, 0
213, 10, 1111, 01, 0000000000000000, 0
214, 10, 1111, 01, 0000000000000001, 1
215, 10, 1111, 01, 0000000000000001, 1
216, 10, 1111, 01, 1111111111111111, -1
217, 10, 1111, 01, 0000000000000000, 0
218, 10, 1111, 01, 0000000000000001, 1
219, 10, 1111, 01, 0000000000000001, 1
220, 10, 1111, 01, 0000000000000001, 1
221, 10, 1111, 01, 0000000000000001, 1
222, 10, 1111, 01, 0000000000000000, 0
223, 10, 1111, 01, 0000000000000010, 2
224, 10, 1111, 01, 0000000000000001, 1
225, 10, 1111, 01, 0000000000000001, 1
226, 10, 1111, 01, 0000000000000010, 2
227, 10, 1111, 01, 0000000000000010, 2
228, 10, 1111, 01, 0000000000000000, 0
229, 10, 1111, 01, 0000000000000000, 0
230, 10, 1111, 01, 1111111111111111, -1
231, 10, 1111, 01, 0000000000000001, 1
232, 10, 1111, 01, 0000000000000001, 1
233, 10, 1111, 01, 0000000000000001, 1
234, 10, 1111, 01, 0000000000000010, 2
235, 10, 1111, 01, 0000000000000001, 1
236, 10, 1111, 01, 0000000000000010, 2
237, 10, 1111, 01, 0000000000000001, 1
238, 10, 1111, 01, 0000000000000010, 2
239, 10, 1111, 01, 0000000000000000, 0
240, 10, 1111, 01, 0000000000000011, 3
241, 10, 1111, 01, 0000000000000001, 1
242, 10, 1111, 01, 0000000000000001, 1
243, 10, 1111, 01, 0000000000000001, 1
244, 10, 1111, 01, 0000000000000001, 1
245, 10, 1111, 01, 0000000000000001, 1
246, 10, 1111, 01, 0000000000000001, 1
247, 10, 1111, 01, 0000000000000000, 0
248, 10, 1111, 01, 0000000000000001, 1
249, 10, 1111, 01, 0000000000000000, 0
250, 10, 1111, 01, 1111111111111110, -2
251, 10, 1111, 01, 1111111111111111, -1
252, 10, 1111, 01, 1111111111111111, -1
253, 10, 1111, 01, 1111111111111111, -1
254, 10, 1111, 01, 1111111111111111, -1
255, 10, 1111, 01, 1111111111111110, -2
256, 10, 1111, 01, 0000000000000001, 1
257, 10, 1111, 01, 1111111111111111, -1
258, 10, 1111, 01, 0000000000000010, 2
259, 10, 1111, 01, 0000000000000001, 1
260, 10, 1111, 01, 0000000000000001, 1
261, 10, 1111, 01, 0000000000000000, 0
262, 10, 1111, 01, 0000000000000000, 0
263, 10, 1111, 01, 1111111111111111, -1
264, 10, 1111, 01, 0000000000000000, 0
265, 10, 1111, 01, 0000000000000000, 0
266, 10, 1111, 01, 0000000000000001, 1
267, 10, 1111, 01, 0000000000000001, 1
268, 10, 1111, 01, 0000000000000000, 0
269, 10, 1111, 01, 0000000000000000, 0
270, 10, 1111, 01, 0000000000000001, 1
271, 10, 1111, 01, 1111111111111110, -2
272, 10, 1111, 01, 0000000000000000, 0
273, 10, 1111, 01, 1111111111111111, -1
274, 10, 1111, 01, 0000000000000000, 0
275, 10, 1111, 01, 0000000000000000, 0
276, 10, 1111, 01, 0000000000000000, 0
277, 10, 1111, 01, 0000000000000000, 0
278, 10, 1111, 01, 0000000000000000, 0
279, 10, 1111, 01, 0000000000000000, 0
280, 10, 1111, 01, 1111111111111111, -1
281, 10, 1111, 01, 0000000000000011, 3
282, 10, 1111, 01, 0000000000000000, 0
283, 10, 1111, 01, 1111111111111111, -1
284, 10, 1111, 01, 0000000000000000, 0
285, 10, 1111, 01, 0000000000000001, 1
286, 10, 1111, 01, 0000000000000000, 0
287, 10, 1111, 01, 0000000000000001, 1
288, 10, 1111, 01, 0000000000000001, 1
289, 10, 1111, 01, 1111111111111111, -1
290, 10, 1111, 01, 0000000000000001, 1
291, 10, 1111, 01, 0000000000000010, 2
292, 10, 1111, 01, 0000000000000011, 3
293, 10, 1111, 01, 0000000000000000, 0
294, 10, 1111, 01, 0000000000000010, 2
295, 10, 1111, 01, 1111111111111111, -1
296, 10, 1111, 01, 0000000000000000, 0
297, 10, 1111, 01, 1111111111111111, -1
298, 10, 1111, 01, 1111111111111111, -1
299, 10, 1111, 01, 1111111111111111, -1
300, 10, 1111, 01, 1111111111111111, -1
301, 10, 1111, 01, 1111111111111111, -1
302, 10, 1111, 01, 0000000000000001, 1
303, 10, 1111, 01, 0000000000000001, 1
304, 10, 1111, 01, 0000000000000000, 0
305, 10, 1111, 01, 1111111111111111, -1
306, 10, 1111, 01, 1111111111111111, -1
307, 10, 1111, 01, 0000000000000001, 1
308, 10, 1111, 01, 0000000000000001, 1
309, 10, 1111, 01, 0000000000000010, 2
310, 10, 1111, 01, 0000000000000001, 1
311, 10, 1111, 01, 0000000000000001, 1
312, 10, 1111, 01, 0000000000000000, 0
313, 10, 1111, 01, 0000000000000010, 2
314, 10, 1111, 01, 1111111111111111, -1
315, 10, 1111, 01, 0000000000000001, 1
316, 10, 1111, 01, 0000000000000000, 0
317, 10, 1111, 01, 0000000000000000, 0
318, 10, 1111, 01, 1111111111111111, -1
319, 10, 1111, 01, 0000000000000001, 1
320, 10, 1111, 01, 0000000000000000, 0
321, 10, 1111, 01, 0000000000000000, 0
322, 10, 1111, 01, 1111111111111111, -1
323, 10, 1111, 01, 0000000000000000, 0
324, 10, 1111, 01, 1111111111111111, -1
325, 10, 1111, 01, 0000000000000001, 1
326, 10, 1111, 01, 0000000000000000, 0
327, 10, 1111, 01, 0000000000000000, 0
328, 10, 1111, 01, 0000000000000001, 1
329, 10, 1111, 01, 0000000000000000, 0
330, 10, 1111, 01, 0000000000000000, 0
331, 10, 1111, 01, 0000000000000000, 0
332, 10, 1111, 01, 0000000000000000, 0
333, 10, 1111, 01, 0000000000000000, 0
334, 10, 1111, 01, 0000000000000000, 0
335, 10, 1111, 01, 1111111111111110, -2
336, 10, 1111, 01, 0000000000000000, 0
337, 10, 1111, 01, 0000000000000000, 0
338, 10, 1111, 01, 0000000000000000, 0
339, 10, 1111, 01, 0000000000000001, 1
340, 10, 1111, 01, 0000000000000001, 1
341, 10, 1111, 01, 0000000000000000, 0
342, 10, 1111, 01, 1111111111111111, -1
343, 10, 1111, 01, 1111111111111111, -1
344, 10, 1111, 01, 0000000000000010, 2
345, 10, 1111, 01, 0000000000000010, 2
346, 10, 1111, 01, 0000000000000001, 1
347, 10, 1111, 01, 0000000000000011, 3
348, 10, 1111, 01, 0000000000000000, 0
349, 10, 1111, 01, 0000000000000010, 2
350, 10, 1111, 01, 0000000000000001, 1
351, 10, 1111, 01, 0000000000000011, 3
352, 10, 1111, 01, 0000000000000010, 2
353, 10, 1111, 01, 0000000000000001, 1
354, 10, 1111, 01, 0000000000000001, 1
355, 10, 1111, 01, 1111111111111110, -2
356, 10, 1111, 01, 0000000000000001, 1
357, 10, 1111, 01, 0000000000000010, 2
358, 10, 1111, 01, 0000000000000000, 0
359, 10, 1111, 01, 0000000000000010, 2
360, 10, 1111, 01, 0000000000000001, 1
361, 10, 1111, 01, 0000000000000000, 0
362, 10, 1111, 01, 0000000000000000, 0
363, 10, 1111, 01, 0000000000000001, 1
364, 10, 1111, 01, 0000000000000010, 2
365, 10, 1111, 01, 0000000000000001, 1
366, 10, 1111, 01, 0000000000000000, 0
367, 10, 1111, 01, 0000000000000001, 1
368, 10, 1111, 01, 0000000000000001, 1
369, 10, 1111, 01, 0000000000000000, 0
370, 10, 1111, 01, 0000000000000000, 0
371, 10, 1111, 01, 0000000000000001, 1
372, 10, 1111, 01, 0000000000000001, 1
373, 10, 1111, 01, 0000000000000000, 0
374, 10, 1111, 01, 1111111111111110, -2
375, 10, 1111, 01, 0000000000000000, 0
376, 10, 1111, 01, 1111111111111110, -2
377, 10, 1111, 01, 0000000000000000, 0
378, 10, 1111, 01, 0000000000000000, 0
379, 10, 1111, 01, 1111111111111111, -1
380, 10, 1111, 01, 1111111111111111, -1
381, 10, 1111, 01, 0000000000000001, 1
382, 10, 1111, 01, 0000000000000001, 1
383, 10, 1111, 01, 1111111111111111, -1
384, 10, 1111, 01, 0000000000000001, 1
385, 10, 1111, 01, 1111111111111111, -1
386, 10, 1111, 01, 0000000000000001, 1
387, 10, 1111, 01, 0000000000000010, 2
388, 10, 1111, 01, 0000000000000001, 1
389, 10, 1111, 01, 1111111111111111, -1
390, 10, 1111, 01, 0000000000000000, 0
391, 10, 1111, 01, 0000000000000010, 2
392, 10, 1111, 01, 1111111111111111, -1
393, 10, 1111, 01, 0000000000000000, 0
394, 10, 1111, 01, 0000000000000001, 1
395, 10, 1111, 01, 0000000000000000, 0
396, 10, 1111, 01, 1111111111111111, -1
397, 10, 1111, 01, 0000000000000000, 0
398, 10, 1111, 01, 0000000000000010, 2
399, 10, 1111, 01, 0000000000000010, 2
400, 10, 1111, 01, 0000000000000010, 2
401, 10, 1111, 01, 0000000000000010, 2
402, 10, 1111, 01, 0000000000000001, 1
403, 10, 1111, 01, 0000000000000010, 2
404, 10, 1111, 01, 0000000000000010, 2
405, 10, 1111, 01, 0000000000000011, 3
406, 10, 1111, 01, 1111111111111111, -1
407, 10, 1111, 01, 0000000000000010, 2
408, 10, 1111, 01, 0000000000000001, 1
409, 10, 1111, 01, 1111111111111111, -1
410, 10, 1111, 01, 1111111111111110, -2
411, 10, 1111, 01, 0000000000000001, 1
412, 10, 1111, 01, 0000000000000010, 2
413, 10, 1111, 01, 0000000000000000, 0
414, 10, 1111, 01, 0000000000000010, 2
415, 10, 1111, 01, 0000000000000010, 2
416, 10, 1111, 01, 0000000000000011, 3
417, 10, 1111, 01, 1111111111111111, -1
418, 10, 1111, 01, 0000000000000000, 0
419, 10, 1111, 01, 0000000000000000, 0
420, 10, 1111, 01, 0000000000000000, 0
421, 10, 1111, 01, 0000000000000000, 0
422, 10, 1111, 01, 0000000000000000, 0
423, 10, 1111, 01, 0000000000000000, 0
424, 10, 1111, 01, 0000000000000000, 0
425, 10, 1111, 01, 0000000000000010, 2
426, 10, 1111, 01, 0000000000000000, 0
427, 10, 1111, 01, 1111111111111110, -2
428, 10, 1111, 01, 0000000000000010, 2
429, 10, 1111, 01, 0000000000000000, 0
430, 10, 1111, 01, 0000000000000010, 2
431, 10, 1111, 01, 0000000000000001, 1
432, 10, 1111, 01, 0000000000000000, 0
433, 10, 1111, 01, 0000000000000011, 3
434, 10, 1111, 01, 0000000000000001, 1
435, 10, 1111, 01, 0000000000000000, 0
436, 10, 1111, 01, 0000000000000001, 1
437, 10, 1111, 01, 0000000000000000, 0
438, 10, 1111, 01, 0000000000000001, 1
439, 10, 1111, 01, 0000000000000010, 2
440, 10, 1111, 01, 0000000000000001, 1
441, 10, 1111, 01, 0000000000000000, 0
442, 10, 1111, 01, 0000000000000010, 2
443, 10, 1111, 01, 0000000000000000, 0
444, 10, 1111, 01, 0000000000000001, 1
445, 10, 1111, 01, 0000000000000000, 0
446, 10, 1111, 01, 0000000000000000, 0
447, 10, 1111, 01, 1111111111111111, -1
448, 10, 1111, 01, 0000000000000000, 0
449, 10, 1111, 01, 0000000000000001, 1
450, 10, 1111, 01, 0000000000000001, 1
451, 10, 1111, 01, 0000000000000010, 2
452, 10, 1111, 01, 0000000000000001, 1
453, 10, 1111, 01, 0000000000000010, 2
454, 10, 1111, 01, 0000000000000011, 3
455, 10, 1111, 01, 0000000000000011, 3
456, 10, 1111, 01, 0000000000000001, 1
457, 10, 1111, 01, 0000000000000000, 0
458, 10, 1111, 01, 0000000000000001, 1
459, 10, 1111, 01, 0000000000000001, 1
460, 10, 1111, 01, 0000000000000000, 0
461, 10, 1111, 01, 0000000000000000, 0
462, 10, 1111, 01, 0000000000000000, 0
463, 10, 1111, 01, 0000000000000001, 1
464, 10, 1111, 01, 0000000000000001, 1
465, 10, 1111, 01, 0000000000000010, 2
466, 10, 1111, 01, 0000000000000010, 2
467, 10, 1111, 01, 0000000000000010, 2
468, 10, 1111, 01, 0000000000000001, 1
469, 10, 1111, 01, 1111111111111101, -3
470, 10, 1111, 01, 0000000000000010, 2
471, 10, 1111, 01, 0000000000000000, 0
472, 10, 1111, 01, 1111111111111110, -2
473, 10, 1111, 01, 0000000000000000, 0
474, 10, 1111, 01, 0000000000000010, 2
475, 10, 1111, 01, 0000000000000010, 2
476, 10, 1111, 01, 0000000000000001, 1
477, 10, 1111, 01, 0000000000000000, 0
478, 10, 1111, 01, 1111111111111111, -1
479, 10, 1111, 01, 0000000000000000, 0
480, 10, 1111, 01, 0000000000000001, 1
481, 10, 1111, 01, 1111111111111110, -2
482, 10, 1111, 01, 1111111111111101, -3
483, 10, 1111, 01, 0000000000000000, 0
484, 10, 1111, 01, 0000000000000000, 0
485, 10, 1111, 01, 1111111111111111, -1
486, 10, 1111, 01, 0000000000000010, 2
487, 10, 1111, 01, 0000000000000001, 1
488, 10, 1111, 01, 0000000000000000, 0
489, 10, 1111, 01, 0000000000000001, 1
490, 10, 1111, 01, 0000000000000000, 0
491, 10, 1111, 01, 0000000000000000, 0
492, 10, 1111, 01, 0000000000000001, 1
493, 10, 1111, 01, 1111111111111110, -2
494, 10, 1111, 01, 1111111111111111, -1
495, 10, 1111, 01, 0000000000000010, 2
496, 10, 1111, 01, 0000000000000001, 1
497, 10, 1111, 01, 0000000000000000, 0
498, 10, 1111, 01, 0000000000000000, 0
499, 10, 1111, 01, 0000000000000000, 0
500, 10, 1111, 01, 0000000000000001, 1
501, 10, 1111, 01, 0000000000000000, 0
502, 10, 1111, 01, 0000000000000001, 1
503, 10, 1111, 01, 0000000000000000, 0
504, 10, 1111, 01, 0000000000000000, 0
505, 10, 1111, 01, 0000000000000001, 1
506, 10, 1111, 01, 0000000000000000, 0
507, 10, 1111, 01, 1111111111111110, -2
508, 10, 1111, 01, 0000000000000000, 0
509, 10, 1111, 01, 0000000000000000, 0
510, 10, 1111, 01, 0000000000000000, 0
511, 10, 1111, 01, 0000000000000010, 2
512, 01, 1111, 01, 1111111111111011, -5
513, 01, 1111, 01, 0000000000000001, 1
514, 01, 1111, 01, 0000000000000001, 1
515, 01, 1111, 01, 0000000000000010, 2
516, 01, 1111, 01, 0000000000000010, 2
517, 01, 1111, 01, 1111111111111111, -1
518, 01, 1111, 01, 1111111111111111, -1
519, 01, 1111, 01, 0000000000000001, 1
520, 01, 1111, 01, 0000000000000000, 0
521, 01, 1111, 01, 0000000000000000, 0
522, 01, 1111, 01, 0000000000000010, 2
523, 01, 1111, 01, 0000000000000010, 2
524, 01, 1111, 01, 0000000000000001, 1
525, 01, 1111, 01, 0000000000000000, 0
526, 01, 1111, 01, 0000000000000001, 1
527, 01, 1111, 01, 0000000000000000, 0
528, 01, 1111, 01, 0000000000000001, 1
529, 01, 1111, 01, 0000000000000000, 0
530, 01, 1111, 01, 1111111111111111, -1
531, 01, 1111, 01, 0000000000000000, 0
532, 01, 1111, 01, 0000000000000000, 0
533, 01, 1111, 01, 1111111111111111, -1
534, 01, 1111, 01, 1111111111111111, -1
535, 01, 1111, 01, 0000000000000001, 1
536, 01, 1111, 01, 0000000000000001, 1
537, 01, 1111, 01, 0000000000000001, 1
538, 01, 1111, 01, 0000000000000000, 0
539, 01, 1111, 01, 0000000000000000, 0
540, 01, 1111, 01, 0000000000000001, 1
541, 01, 1111, 01, 0000000000000001, 1
542, 01, 1111, 01, 0000000000000000, 0
543, 01, 1111, 01, 0000000000000000, 0
544, 01, 1111, 01, 0000000000000001, 1
545, 01, 1111, 01, 0000000000000001, 1
546, 01, 1111, 01, 0000000000000000, 0
547, 01, 1111, 01, 0000000000000000, 0
548, 01, 1111, 01, 0000000000000001, 1
549, 01, 1111, 01, 1111111111111111, -1
550, 01, 1111, 01, 0000000000000000, 0
551, 01, 1111, 01, 1111111111111111, -1
552, 01, 1111, 01, 1111111111111111, -1
553, 01, 1111, 01, 0000000000000001, 1
554, 01, 1111, 01, 0000000000000001, 1
555, 01, 1111, 01, 0000000000000001, 1
556, 01, 1111, 01, 0000000000000010, 2
557, 01, 1111, 01, 0000000000000011, 3
558, 01, 1111, 01, 0000000000000000, 0
559, 01, 1111, 01, 0000000000000001, 1
560, 01, 1111, 01, 0000000000000000, 0
561, 01, 1111, 01, 0000000000000010, 2
562, 01, 1111, 01, 0000000000000010, 2
563, 01, 1111, 01, 0000000000000010, 2
564, 01, 1111, 01, 0000000000000001, 1
565, 01, 1111, 01, 0000000000000000, 0
566, 01, 1111, 01, 0000000000000001, 1
567, 01, 1111, 01, 0000000000000010, 2
568, 01, 1111, 01, 0000000000000001, 1
569, 01, 1111, 01, 0000000000000001, 1
570, 01, 1111, 01, 0000000000000011, 3
571, 01, 1111, 01, 0000000000000000, 0
572, 01, 1111, 01, 0000000000000000, 0
573, 01, 1111, 01, 0000000000000001, 1
574, 01, 1111, 01, 1111111111111111, -1
575, 01, 1111, 01, 0000000000000000, 0
576, 01, 1111, 01, 0000000000000000, 0
577, 01, 1111, 01, 1111111111111111, -1
578, 01, 1111, 01, 0000000000000001, 1
579, 01, 1111, 01, 0000000000000000, 0
580, 01, 1111, 01, 0000000000000000, 0
581, 01, 1111, 01, 0000000000000000, 0
582, 01, 1111, 01, 0000000000000000, 0
583, 01, 1111, 01, 0000000000000001, 1
584, 01, 1111, 01, 0000000000000010, 2
585, 01, 1111, 01, 0000000000000000, 0
586, 01, 1111, 01, 0000000000000001, 1
587, 01, 1111, 01, 1111111111111111, -1
588, 01, 1111, 01, 1111111111111111, -1
589, 01, 1111, 01, 0000000000000001, 1
590, 01, 1111, 01, 1111111111111111, -1
591, 01, 1111, 01, 0000000000000001, 1
592, 01, 1111, 01, 0000000000000001, 1
593, 01, 1111, 01, 0000000000000011, 3
594, 01, 1111, 01, 0000000000000000, 0
595, 01, 1111, 01, 0000000000000011, 3
596, 01, 1111, 01, 0000000000000001, 1
597, 01, 1111, 01, 0000000000000001, 1
598, 01, 1111, 01, 0000000000000001, 1
599, 01, 1111, 01, 0000000000000000, 0
600, 01, 1111, 01, 0000000000000001, 1
601, 01, 1111, 01, 0000000000000000, 0
602, 01, 1111, 01, 0000000000000000, 0
603, 01, 1111, 01, 0000000000000000, 0
604, 01, 1111, 01, 0000000000000010, 2
605, 01, 1111, 01, 0000000000000010, 2
606, 01, 1111, 01, 0000000000000001, 1
607, 01, 1111, 01, 0000000000000001, 1
608, 01, 1111, 01, 0000000000000000, 0
609, 01, 1111, 01, 1111111111111111, -1
610, 01, 1111, 01, 1111111111111101, -3
611, 01, 1111, 01, 0000000000000000, 0
612, 01, 1111, 01, 0000000000000000, 0
613, 01, 1111, 01, 0000000000000000, 0
614, 01, 1111, 01, 1111111111111111, -1
615, 01, 1111, 01, 1111111111111111, -1
616, 01, 1111, 01, 1111111111111110, -2
617, 01, 1111, 01, 0000000000000000, 0
618, 01, 1111, 01, 0000000000000000, 0
619, 01, 1111, 01, 0000000000000000, 0
620, 01, 1111, 01, 0000000000000000, 0
621, 01, 1111, 01, 1111111111111110, -2
622, 01, 1111, 01, 0000000000000000, 0
623, 01, 1111, 01, 0000000000000000, 0
624, 01, 1111, 01, 0000000000000001, 1
625, 01, 1111, 01, 1111111111111111, -1
626, 01, 1111, 01, 0000000000000000, 0
627, 01, 1111, 01, 1111111111111111, -1
628, 01, 1111, 01, 0000000000000000, 0
629, 01, 1111, 01, 0000000000000000, 0
630, 01, 1111, 01, 0000000000000001, 1
631, 01, 1111, 01, 0000000000000000, 0
632, 01, 1111, 01, 0000000000000000, 0
633, 01, 1111, 01, 0000000000000000, 0
634, 01, 1111, 01, 0000000000000001, 1
635, 01, 1111, 01, 1111111111111111, -1
636, 01, 1111, 01, 0000000000000001, 1
637, 01, 1111, 01, 1111111111111111, -1
638, 01, 1111, 01, 0000000000000000, 0
639, 01, 1111, 01, 1111111111111111, -1
640, 01, 1111, 01, 0000000000000000, 0
641, 01, 1111, 01, 0000000000000000, 0
642, 01, 1111, 01, 0000000000000000, 0
643, 01, 1111, 01, 0000000000000011, 3
644, 01, 1111, 01, 0000000000000011, 3
645, 01, 1111, 01, 0000000000000000, 0
646, 01, 1111, 01, 0000000000000001, 1
647, 01, 1111, 01, 0000000000000010, 2
648, 01, 1111, 01, 0000000000000010, 2
649, 01, 1111, 01, 0000000000000011, 3
650, 01, 1111, 01, 0000000000000010, 2
651, 01, 1111, 01, 0000000000000010, 2
652, 01, 1111, 01, 0000000000000010, 2
653, 01, 1111, 01, 0000000000000011, 3
654, 01, 1111, 01, 0000000000000001, 1
655, 01, 1111, 01, 0000000000000010, 2
656, 01, 1111, 01, 0000000000000000, 0
657, 01, 1111, 01, 0000000000000000, 0
658, 01, 1111, 01, 0000000000000001, 1
659, 01, 1111, 01, 0000000000000000, 0
660, 01, 1111, 01, 0000000000000001, 1
661, 01, 1111, 01, 0000000000000010, 2
662, 01, 1111, 01, 0000000000000001, 1
663, 01, 1111, 01, 0000000000000001, 1
664, 01, 1111, 01, 1111111111111111, -1
665, 01, 1111, 01, 0000000000000000, 0
666, 01, 1111, 01, 0000000000000001, 1
667, 01, 1111, 01, 0000000000000001, 1
668, 01, 1111, 01, 0000000000000010, 2
669, 01, 1111, 01, 0000000000000010, 2
670, 01, 1111, 01, 0000000000000000, 0
671, 01, 1111, 01, 0000000000000001, 1
672, 01, 1111, 01, 0000000000000000, 0
673, 01, 1111, 01, 0000000000000001, 1
674, 01, 1111, 01, 0000000000000010, 2
675, 01, 1111, 01, 0000000000000001, 1
676, 01, 1111, 01, 0000000000000000, 0
677, 01, 1111, 01, 0000000000000000, 0
678, 01, 1111, 01, 1111111111111110, -2
679, 01, 1111, 01, 0000000000000001, 1
680, 01, 1111, 01, 0000000000000001, 1
681, 01, 1111, 01, 0000000000000000, 0
682, 01, 1111, 01, 0000000000000000, 0
683, 01, 1111, 01, 1111111111111110, -2
684, 01, 1111, 01, 0000000000000000, 0
685, 01, 1111, 01, 1111111111111110, -2
686, 01, 1111, 01, 0000000000000000, 0
687, 01, 1111, 01, 0000000000000000, 0
688, 01, 1111, 01, 0000000000000001, 1
689, 01, 1111, 01, 0000000000000000, 0
690, 01, 1111, 01, 0000000000000001, 1
691, 01, 1111, 01, 0000000000000000, 0
692, 01, 1111, 01, 0000000000000000, 0
693, 01, 1111, 01, 1111111111111111, -1
694, 01, 1111, 01, 0000000000000001, 1
695, 01, 1111, 01, 0000000000000000, 0
696, 01, 1111, 01, 1111111111111111, -1
697, 01, 1111, 01, 0000000000000001, 1
698, 01, 1111, 01, 0000000000000000, 0
699, 01, 1111, 01, 0000000000000000, 0
700, 01, 1111, 01, 0000000000000001, 1
701, 01, 1111, 01, 0000000000000001, 1
702, 01, 1111, 01, 0000000000000001, 1
703, 01, 1111, 01, 0000000000000000, 0
704, 01, 1111, 01, 0000000000000001, 1
705, 01, 1111, 01, 0000000000000001, 1
706, 01, 1111, 01, 0000000000000001, 1
707, 01, 1111, 01, 0000000000000001, 1
708, 01, 1111, 01, 0000000000000001, 1
709, 01, 1111, 01, 0000000000000000, 0
710, 01, 1111, 01, 0000000000000000, 0
711, 01, 1111, 01, 0000000000000001, 1
712, 01, 1111, 01, 0000000000000010, 2
713, 01, 1111, 01, 1111111111111111, -1
714, 01, 1111, 01, 0000000000000000, 0
715, 01, 1111, 01, 1111111111111111, -1
716, 01, 1111, 01, 0000000000000000, 0
717, 01, 1111, 01, 0000000000000010, 2
718, 01, 1111, 01, 0000000000000001, 1
719, 01, 1111, 01, 0000000000000000, 0
720, 01, 1111, 01, 0000000000000001, 1
721, 01, 1111, 01, 0000000000000000, 0
722, 01, 1111, 01, 0000000000000001, 1
723, 01, 1111, 01, 0000000000000010, 2
724, 01, 1111, 01, 0000000000000001, 1
725, 01, 1111, 01, 0000000000000001, 1
726, 01, 1111, 01, 0000000000000000, 0
727, 01, 1111, 01, 0000000000000000, 0
728, 01, 1111, 01, 0000000000000001, 1
729, 01, 1111, 01, 0000000000000000, 0
730, 01, 1111, 01, 0000000000000001, 1
731, 01, 1111, 01, 0000000000000010, 2
732, 01, 1111, 01, 0000000000000001, 1
733, 01, 1111, 01, 0000000000000001, 1
734, 01, 1111, 01, 0000000000000010, 2
735, 01, 1111, 01, 0000000000000000, 0
736, 01, 1111, 01, 0000000000000000, 0
737, 01, 1111, 01, 0000000000000001, 1
738, 01, 1111, 01, 0000000000000001, 1
739, 01, 1111, 01, 0000000000000001, 1
740, 01, 1111, 01, 0000000000000001, 1
741, 01, 1111, 01, 0000000000000011, 3
742, 01, 1111, 01, 0000000000000001, 1
743, 01, 1111, 01, 0000000000000000, 0
744, 01, 1111, 01, 0000000000000001, 1
745, 01, 1111, 01, 1111111111111110, -2
746, 01, 1111, 01, 0000000000000001, 1
747, 01, 1111, 01, 0000000000000001, 1
748, 01, 1111, 01, 0000000000000000, 0
749, 01, 1111, 01, 0000000000000001, 1
750, 01, 1111, 01, 1111111111111111, -1
751, 01, 1111, 01, 0000000000000010, 2
752, 01, 1111, 01, 0000000000000001, 1
753, 01, 1111, 01, 0000000000000000, 0
754, 01, 1111, 01, 0000000000000000, 0
755, 01, 1111, 01, 0000000000000001, 1
756, 01, 1111, 01, 0000000000000010, 2
757, 01, 1111, 01, 0000000000000001, 1
758, 01, 1111, 01, 0000000000000011, 3
759, 01, 1111, 01, 0000000000000001, 1
760, 01, 1111, 01, 0000000000000001, 1
761, 01, 1111, 01, 0000000000000001, 1
762, 01, 1111, 01, 1111111111111111, -1
763, 01, 1111, 01, 0000000000000001, 1
764, 01, 1111, 01, 0000000000000000, 0
765, 01, 1111, 01, 0000000000000000, 0
766, 01, 1111, 01, 0000000000000000, 0
767, 01, 1111, 01, 0000000000000010, 2
768, 01, 1111, 01, 0000000000000001, 1
769, 01, 1111, 01, 0000000000000000, 0
770, 01, 1111, 01, 0000000000000010, 2
771, 01, 1111, 01, 0000000000000001, 1
772, 01, 1111, 01, 0000000000000001, 1
773, 01, 1111, 01, 0000000000000010, 2
774, 01, 1111, 01, 0000000000000010, 2
775, 01, 1111, 01, 0000000000000001, 1
776, 01, 1111, 01, 0000000000000000, 0
777, 01, 1111, 01, 0000000000000000, 0
778, 01, 1111, 01, 0000000000000001, 1
779, 01, 1111, 01, 0000000000000000, 0
780, 01, 1111, 01, 0000000000000001, 1
781, 01, 1111, 01, 0000000000000001, 1
782, 01, 1111, 01, 0000000000000000, 0
783, 01, 1111, 01, 0000000000000010, 2
784, 01, 1111, 01, 0000000000000001, 1
785, 01, 1111, 01, 0000000000000000, 0
786, 01, 1111, 01, 0000000000000001, 1
787, 01, 1111, 01, 0000000000000001, 1
788, 01, 1111, 01, 0000000000000010, 2
789, 01, 1111, 01, 0000000000000000, 0
790, 01, 1111, 01, 0000000000000000, 0
791, 01, 1111, 01, 1111111111111111, -1
792, 01, 1111, 01, 1111111111111111, -1
793, 01, 1111, 01, 0000000000000000, 0
794, 01, 1111, 01, 1111111111111111, -1
795, 01, 1111, 01, 0000000000000001, 1
796, 01, 1111, 01, 1111111111111111, -1
797, 01, 1111, 01, 0000000000000001, 1
798, 01, 1111, 01, 0000000000000000, 0
799, 01, 1111, 01, 0000000000000001, 1
800, 01, 1111, 01, 0000000000000010, 2
801, 01, 1111, 01, 0000000000000001, 1
802, 01, 1111, 01, 0000000000000001, 1
803, 01, 1111, 01, 0000000000000010, 2
804, 01, 1111, 01, 0000000000000011, 3
805, 01, 1111, 01, 0000000000000010, 2
806, 01, 1111, 01, 0000000000000001, 1
807, 01, 1111, 01, 0000000000000001, 1
808, 01, 1111, 01, 0000000000000001, 1
809, 01, 1111, 01, 0000000000000001, 1
810, 01, 1111, 01, 0000000000000010, 2
811, 01, 1111, 01, 0000000000000001, 1
812, 01, 1111, 01, 0000000000000001, 1
813, 01, 1111, 01, 0000000000000001, 1
814, 01, 1111, 01, 1111111111111111, -1
815, 01, 1111, 01, 0000000000000001, 1
816, 01, 1111, 01, 1111111111111110, -2
817, 01, 1111, 01, 0000000000000000, 0
818, 01, 1111, 01, 1111111111111111, -1
819, 01, 1111, 01, 1111111111111110, -2
820, 01, 1111, 01, 0000000000000001, 1
821, 01, 1111, 01, 1111111111111111, -1
822, 01, 1111, 01, 0000000000000001, 1
823, 01, 1111, 01, 0000000000000000, 0
824, 01, 1111, 01, 0000000000000001, 1
825, 01, 1111, 01, 0000000000000001, 1
826, 01, 1111, 01, 0000000000000000, 0
827, 01, 1111, 01, 0000000000000001, 1
828, 01, 1111, 01, 0000000000000000, 0
829, 01, 1111, 01, 0000000000000000, 0
830, 01, 1111, 01, 1111111111111110, -2
831, 01, 1111, 01, 0000000000000000, 0
832, 01, 1111, 01, 0000000000000000, 0
833, 01, 1111, 01, 0000000000000000, 0
834, 01, 1111, 01, 1111111111111111, -1
835, 01, 1111, 01, 0000000000000010, 2
836, 01, 1111, 01, 1111111111111110, -2
837, 01, 1111, 01, 1111111111111111, -1
838, 01, 1111, 01, 0000000000000000, 0
839, 01, 1111, 01, 0000000000000001, 1
840, 01, 1111, 01, 0000000000000010, 2
841, 01, 1111, 01, 0000000000000010, 2
842, 01, 1111, 01, 0000000000000000, 0
843, 01, 1111, 01, 0000000000000000, 0
844, 01, 1111, 01, 0000000000000001, 1
845, 01, 1111, 01, 0000000000000011, 3
846, 01, 1111, 01, 0000000000000000, 0
847, 01, 1111, 01, 1111111111111111, -1
848, 01, 1111, 01, 0000000000000001, 1
849, 01, 1111, 01, 0000000000000000, 0
850, 01, 1111, 01, 0000000000000001, 1
851, 01, 1111, 01, 1111111111111111, -1
852, 01, 1111, 01, 0000000000000000, 0
853, 01, 1111, 01, 0000000000000001, 1
854, 01, 1111, 01, 0000000000000000, 0
855, 01, 1111, 01, 0000000000000000, 0
856, 01, 1111, 01, 0000000000000000, 0
857, 01, 1111, 01, 0000000000000000, 0
858, 01, 1111, 01, 0000000000000000, 0
859, 01, 1111, 01, 1111111111111111, -1
860, 01, 1111, 01, 0000000000000001, 1
861, 01, 1111, 01, 0000000000000001, 1
862, 01, 1111, 01, 1111111111111111, -1
863, 01, 1111, 01, 0000000000000010, 2
864, 01, 1111, 01, 1111111111111111, -1
865, 01, 1111, 01, 0000000000000001, 1
866, 01, 1111, 01, 0000000000000000, 0
867, 01, 1111, 01, 0000000000000000, 0
868, 01, 1111, 01, 0000000000000001, 1
869, 01, 1111, 01, 0000000000000001, 1
870, 01, 1111, 01, 0000000000000000, 0
871, 01, 1111, 01, 0000000000000000, 0
872, 01, 1111, 01, 0000000000000000, 0
873, 01, 1111, 01, 0000000000000010, 2
874, 01, 1111, 01, 0000000000000010, 2
875, 01, 1111, 01, 0000000000000011, 3
876, 01, 1111, 01, 0000000000000011, 3
877, 01, 1111, 01, 0000000000000010, 2
878, 01, 1111, 01, 0000000000000010, 2
879, 01, 1111, 01, 1111111111111111, -1
880, 01, 1111, 01, 0000000000000000, 0
881, 01, 1111, 01, 0000000000000000, 0
882, 01, 1111, 01, 0000000000000001, 1
883, 01, 1111, 01, 0000000000000001, 1
884, 01, 1111, 01, 0000000000000000, 0
885, 01, 1111, 01, 0000000000000001, 1
886, 01, 1111, 01, 0000000000000010, 2
887, 01, 1111, 01, 0000000000000000, 0
888, 01, 1111, 01, 0000000000000000, 0
889, 01, 1111, 01, 0000000000000001, 1
890, 01, 1111, 01, 1111111111111110, -2
891, 01, 1111, 01, 1111111111111110, -2
892, 01, 1111, 01, 1111111111111111, -1
893, 01, 1111, 01, 1111111111111111, -1
894, 01, 1111, 01, 1111111111111101, -3
895, 01, 1111, 01, 1111111111111110, -2
896, 01, 1111, 01, 0000000000000001, 1
897, 01, 1111, 01, 0000000000000001, 1
898, 01, 1111, 01, 0000000000000010, 2
899, 01, 1111, 01, 0000000000000010, 2
900, 01, 1111, 01, 0000000000000001, 1
901, 01, 1111, 01, 0000000000000000, 0
902, 01, 1111, 01, 0000000000000001, 1
903, 01, 1111, 01, 0000000000000011, 3
904, 01, 1111, 01, 0000000000000001, 1
905, 01, 1111, 01, 0000000000000000, 0
906, 01, 1111, 01, 1111111111111110, -2
907, 01, 1111, 01, 1111111111111110, -2
908, 01, 1111, 01, 0000000000000001, 1
909, 01, 1111, 01, 1111111111111110, -2
910, 01, 1111, 01, 0000000000000000, 0
911, 01, 1111, 01, 0000000000000001, 1
912, 01, 1111, 01, 0000000000000000, 0
913, 01, 1111, 01, 0000000000000001, 1
914, 01, 1111, 01, 0000000000000010, 2
915, 01, 1111, 01, 0000000000000001, 1
916, 01, 1111, 01, 0000000000000001, 1
917, 01, 1111, 01, 0000000000000010, 2
918, 01, 1111, 01, 0000000000000001, 1
919, 01, 1111, 01, 0000000000000001, 1
920, 01, 1111, 01, 0000000000000000, 0
921, 01, 1111, 01, 0000000000000010, 2
922, 01, 1111, 01, 1111111111111111, -1
923, 01, 1111, 01, 0000000000000001, 1
924, 01, 1111, 01, 1111111111111111, -1
925, 01, 1111, 01, 0000000000000000, 0
926, 01, 1111, 01, 0000000000000010, 2
927, 01, 1111, 01, 0000000000000001, 1
928, 01, 1111, 01, 0000000000000001, 1
929, 01, 1111, 01, 0000000000000000, 0
930, 01, 1111, 01, 0000000000000000, 0
931, 01, 1111, 01, 0000000000000100, 4
932, 01, 1111, 01, 0000000000000100, 4
933, 01, 1111, 01, 0000000000000001, 1
934, 01, 1111, 01, 0000000000000001, 1
935, 01, 1111, 01, 0000000000000000, 0
936, 01, 1111, 01, 0000000000000001, 1
937, 01, 1111, 01, 0000000000000000, 0
938, 01, 1111, 01, 0000000000000010, 2
939, 01, 1111, 01, 0000000000000000, 0
940, 01, 1111, 01, 0000000000000000, 0
941, 01, 1111, 01, 0000000000000001, 1
942, 01, 1111, 01, 0000000000000010, 2
943, 01, 1111, 01, 0000000000000000, 0
944, 01, 1111, 01, 0000000000000001, 1
945, 01, 1111, 01, 1111111111111110, -2
946, 01, 1111, 01, 0000000000000000, 0
947, 01, 1111, 01, 0000000000000000, 0
948, 01, 1111, 01, 1111111111111111, -1
949, 01, 1111, 01, 0000000000000000, 0
950, 01, 1111, 01, 1111111111111111, -1
951, 01, 1111, 01, 0000000000000000, 0
952, 01, 1111, 01, 1111111111111111, -1
953, 01, 1111, 01, 0000000000000010, 2
954, 01, 1111, 01, 0000000000000001, 1
955, 01, 1111, 01, 0000000000000001, 1
956, 01, 1111, 01, 0000000000000000, 0
957, 01, 1111, 01, 0000000000000001, 1
958, 01, 1111, 01, 0000000000000000, 0
959, 01, 1111, 01, 1111111111111111, -1
960, 01, 1111, 01, 1111111111111111, -1
961, 01, 1111, 01, 0000000000000000, 0
962, 01, 1111, 01, 0000000000000000, 0
963, 01, 1111, 01, 0000000000000000, 0
964, 01, 1111, 01, 0000000000000001, 1
965, 01, 1111, 01, 0000000000000000, 0
966, 01, 1111, 01, 1111111111111111, -1
967, 01, 1111, 01, 0000000000000001, 1
968, 01, 1111, 01, 0000000000000000, 0
969, 01, 1111, 01, 0000000000000001, 1
970, 01, 1111, 01, 0000000000000010, 2
971, 01, 1111, 01, 0000000000000001, 1
972, 01, 1111, 01, 1111111111111111, -1
973, 01, 1111, 01, 0000000000000000, 0
974, 01, 1111, 01, 0000000000000000, 0
975, 01, 1111, 01, 0000000000000000, 0
976, 01, 1111, 01, 0000000000000000, 0
977, 01, 1111, 01, 0000000000000000, 0
978, 01, 1111, 01, 0000000000000001, 1
979, 01, 1111, 01, 0000000000000010, 2
980, 01, 1111, 01, 0000000000000000, 0
981, 01, 1111, 01, 0000000000000001, 1
982, 01, 1111, 01, 0000000000000000, 0
983, 01, 1111, 01, 0000000000000010, 2
984, 01, 1111, 01, 1111111111111111, -1
985, 01, 1111, 01, 0000000000000000, 0
986, 01, 1111, 01, 0000000000000000, 0
987, 01, 1111, 01, 1111111111111111, -1
988, 01, 1111, 01, 0000000000000000, 0
989, 01, 1111, 01, 0000000000000001, 1
990, 01, 1111, 01, 0000000000000001, 1
991, 01, 1111, 01, 0000000000000001, 1
992, 01, 1111, 01, 0000000000000011, 3
993, 01, 1111, 01, 0000000000000000, 0
994, 01, 1111, 01, 1111111111111111, -1
995, 01, 1111, 01, 1111111111111110, -2
996, 01, 1111, 01, 1111111111111111, -1
997, 01, 1111, 01, 0000000000000000, 0
998, 01, 1111, 01, 0000000000000000, 0
999, 01, 1111, 01, 1111111111111110, -2
1000, 01, 1111, 01, 1111111111111111, -1
1001, 01, 1111, 01, 0000000000000001, 1
1002, 01, 1111, 01, 0000000000000000, 0
1003, 01, 1111, 01, 0000000000000001, 1
1004, 01, 1111, 01, 0000000000000010, 2
1005, 01, 1111, 01, 0000000000000010, 2
1006, 01, 1111, 01, 0000000000000000, 0
1007, 01, 1111, 01, 1111111111111111, -1
1008, 01, 1111, 01, 0000000000000001, 1
1009, 01, 1111, 01, 0000000000000000, 0
1010, 01, 1111, 01, 1111111111111111, -1
1011, 01, 1111, 01, 0000000000000001, 1
1012, 01, 1111, 01, 1111111111111111, -1
1013, 01, 1111, 01, 0000000000000000, 0
1014, 01, 1111, 01, 0000000000000010, 2
1015, 01, 1111, 01, 0000000000000000, 0
1016, 01, 1111, 01, 0000000000000000, 0
1017, 01, 1111, 01, 0000000000000000, 0
1018, 01, 1111, 01, 0000000000000000, 0
1019, 01, 1111, 01, 1111111111111111, -1
1020, 01, 1111, 01, 0000000000000000, 0
1021, 01, 1111, 01, 0000000000000001, 1
1022, 01, 1111, 01, 1111111111111110, -2
1023, 01, 1111, 01, 0000000000000000, 0
1024, 00, 1111, 01, 1111111111111011, -5
1025, 00, 1111, 01, 0000000000000010, 2
1026, 00, 1111, 01, 0000000000000001, 1
1027, 00, 1111, 01, 0000000000000001, 1
1028, 00, 1111, 01, 0000000000000000, 0
1029, 00, 1111, 01, 0000000000000001, 1
1030, 00, 1111, 01, 0000000000000010, 2
1031, 00, 1111, 01, 1111111111111111, -1
1032, 00, 1111, 01, 0000000000000001, 1
1033, 00, 1111, 01, 0000000000000010, 2
1034, 00, 1111, 01, 0000000000000001, 1
1035, 00, 1111, 01, 0000000000000000, 0
1036, 00, 1111, 01, 0000000000000010, 2
1037, 00, 1111, 01, 0000000000000000, 0
1038, 00, 1111, 01, 0000000000000001, 1
1039, 00, 1111, 01, 0000000000000010, 2
1040, 00, 1111, 01, 0000000000000011, 3
1041, 00, 1111, 01, 0000000000000011, 3
1042, 00, 1111, 01, 0000000000000010, 2
1043, 00, 1111, 01, 0000000000000010, 2
1044, 00, 1111, 01, 1111111111111111, -1
1045, 00, 1111, 01, 0000000000000001, 1
1046, 00, 1111, 01, 0000000000000001, 1
1047, 00, 1111, 01, 0000000000000001, 1
1048, 00, 1111, 01, 0000000000000000, 0
1049, 00, 1111, 01, 0000000000000000, 0
1050, 00, 1111, 01, 0000000000000001, 1
1051, 00, 1111, 01, 0000000000000001, 1
1052, 00, 1111, 01, 0000000000000011, 3
1053, 00, 1111, 01, 0000000000000001, 1
1054, 00, 1111, 01, 0000000000000000, 0
1055, 00, 1111, 01, 0000000000000001, 1
1056, 00, 1111, 01, 0000000000000001, 1
1057, 00, 1111, 01, 0000000000000000, 0
1058, 00, 1111, 01, 1111111111111111, -1
1059, 00, 1111, 01, 0000000000000000, 0
1060, 00, 1111, 01, 1111111111111110, -2
1061, 00, 1111, 01, 0000000000000000, 0
1062, 00, 1111, 01, 0000000000000000, 0
1063, 00, 1111, 01, 1111111111111111, -1
1064, 00, 1111, 01, 0000000000000000, 0
1065, 00, 1111, 01, 0000000000000001, 1
1066, 00, 1111, 01, 0000000000000000, 0
1067, 00, 1111, 01, 0000000000000010, 2
1068, 00, 1111, 01, 0000000000000001, 1
1069, 00, 1111, 01, 0000000000000000, 0
1070, 00, 1111, 01, 1111111111111111, -1
1071, 00, 1111, 01, 0000000000000001, 1
1072, 00, 1111, 01, 0000000000000000, 0
1073, 00, 1111, 01, 1111111111111111, -1
1074, 00, 1111, 01, 0000000000000010, 2
1075, 00, 1111, 01, 1111111111111111, -1
1076, 00, 1111, 01, 0000000000000000, 0
1077, 00, 1111, 01, 1111111111111111, -1
1078, 00, 1111, 01, 1111111111111111, -1
1079, 00, 1111, 01, 0000000000000001, 1
1080, 00, 1111, 01, 1111111111111111, -1
1081, 00, 1111, 01, 0000000000000001, 1
1082, 00, 1111, 01, 1111111111111111, -1
1083, 00, 1111, 01, 1111111111111110, -2
1084, 00, 1111, 01, 1111111111111110, -2
1085, 00, 1111, 01, 0000000000000010, 2
1086, 00, 1111, 01, 0000000000000001, 1
1087, 00, 1111, 01, 0000000000000001, 1
1088, 00, 1111, 01, 0000000000000001, 1
1089, 00, 1111, 01, 0000000000000010, 2
1090, 00, 1111, 01, 0000000000000001, 1
1091, 00, 1111, 01, 0000000000000000, 0
1092, 00, 1111, 01, 0000000000000001, 1
1093, 00, 1111, 01, 1111111111111110, -2
1094, 00, 1111, 01, 0000000000000001, 1
1095, 00, 1111, 01, 0000000000000000, 0
1096, 00, 1111, 01, 0000000000000010, 2
1097, 00, 1111, 01, 0000000000000000, 0
1098, 00, 1111, 01, 0000000000000000, 0
1099, 00, 1111, 01, 0000000000000000, 0
1100, 00, 1111, 01, 0000000000000001, 1
1101, 00, 1111, 01, 0000000000000000, 0
1102, 00, 1111, 01, 1111111111111111, -1
1103, 00, 1111, 01, 0000000000000001, 1
1104, 00, 1111, 01, 1111111111111111, -1
1105, 00, 1111, 01, 0000000000000001, 1
1106, 00, 1111, 01, 0000000000000000, 0
1107, 00, 1111, 01, 0000000000000000, 0
1108, 00, 1111, 01, 1111111111111111, -1
1109, 00, 1111, 01, 1111111111111111, -1
1110, 00, 1111, 01, 1111111111111111, -1
1111, 00, 1111, 01, 0000000000000000, 0
1112, 00, 1111, 01, 1111111111111111, -1
1113, 00, 1111, 01, 0000000000000000, 0
1114, 00, 1111, 01, 0000000000000000, 0
1115, 00, 1111, 01, 1111111111111111, -1
1116, 00, 1111, 01, 0000000000000000, 0
1117, 00, 1111, 01, 1111111111111111, -1
1118, 00, 1111, 01, 1111111111111110, -2
1119, 00, 1111, 01, 1111111111111111, -1
1120, 00, 1111, 01, 0000000000000000, 0
1121, 00, 1111, 01, 0000000000000001, 1
1122, 00, 1111, 01, 1111111111111111, -1
1123, 00, 1111, 01, 0000000000000001, 1
1124, 00, 1111, 01, 0000000000000010, 2
1125, 00, 1111, 01, 0000000000000000, 0
1126, 00, 1111, 01, 0000000000000001, 1
1127, 00, 1111, 01, 0000000000000001, 1
1128, 00, 1111, 01, 1111111111111111, -1
1129, 00, 1111, 01, 1111111111111111, -1
1130, 00, 1111, 01, 0000000000000000, 0
1131, 00, 1111, 01, 0000000000000001, 1
1132, 00, 1111, 01, 0000000000000001, 1
1133, 00, 1111, 01, 0000000000000000, 0
1134, 00, 1111, 01, 0000000000000000, 0
1135, 00, 1111, 01, 0000000000000001, 1
1136, 00, 1111, 01, 0000000000000000, 0
1137, 00, 1111, 01, 0000000000000000, 0
1138, 00, 1111, 01, 0000000000000001, 1
1139, 00, 1111, 01, 0000000000000001, 1
1140, 00, 1111, 01, 0000000000000001, 1
1141, 00, 1111, 01, 0000000000000010, 2
1142, 00, 1111, 01, 0000000000000001, 1
1143, 00, 1111, 01, 0000000000000001, 1
1144, 00, 1111, 01, 0000000000000100, 4
1145, 00, 1111, 01, 0000000000000001, 1
1146, 00, 1111, 01, 0000000000000001, 1
1147, 00, 1111, 01, 0000000000000001, 1
1148, 00, 1111, 01, 0000000000000010, 2
1149, 00, 1111, 01, 0000000000000001, 1
1150, 00, 1111, 01, 0000000000000011, 3
1151, 00, 1111, 01, 1111111111111111, -1
1152, 00, 1111, 01, 0000000000000000, 0
1153, 00, 1111, 01, 0000000000000001, 1
1154, 00, 1111, 01, 1111111111111110, -2
1155, 00, 1111, 01, 0000000000000001, 1
1156, 00, 1111, 01, 0000000000000000, 0
1157, 00, 1111, 01, 0000000000000000, 0
1158, 00, 1111, 01, 0000000000000000, 0
1159, 00, 1111, 01, 0000000000000000, 0
1160, 00, 1111, 01, 0000000000000000, 0
1161, 00, 1111, 01, 0000000000000000, 0
1162, 00, 1111, 01, 0000000000000001, 1
1163, 00, 1111, 01, 0000000000000000, 0
1164, 00, 1111, 01, 0000000000000010, 2
1165, 00, 1111, 01, 0000000000000010, 2
1166, 00, 1111, 01, 0000000000000001, 1
1167, 00, 1111, 01, 0000000000000011, 3
1168, 00, 1111, 01, 0000000000000000, 0
1169, 00, 1111, 01, 0000000000000001, 1
1170, 00, 1111, 01, 1111111111111111, -1
1171, 00, 1111, 01, 1111111111111111, -1
1172, 00, 1111, 01, 0000000000000010, 2
1173, 00, 1111, 01, 1111111111111111, -1
1174, 00, 1111, 01, 1111111111111111, -1
1175, 00, 1111, 01, 0000000000000000, 0
1176, 00, 1111, 01, 0000000000000001, 1
1177, 00, 1111, 01, 0000000000000000, 0
1178, 00, 1111, 01, 0000000000000000, 0
1179, 00, 1111, 01, 0000000000000001, 1
1180, 00, 1111, 01, 0000000000000000, 0
1181, 00, 1111, 01, 0000000000000000, 0
1182, 00, 1111, 01, 1111111111111111, -1
1183, 00, 1111, 01, 1111111111111111, -1
1184, 00, 1111, 01, 0000000000000000, 0
1185, 00, 1111, 01, 0000000000000000, 0
1186, 00, 1111, 01, 0000000000000000, 0
1187, 00, 1111, 01, 0000000000000010, 2
1188, 00, 1111, 01, 0000000000000000, 0
1189, 00, 1111, 01, 0000000000000000, 0
1190, 00, 1111, 01, 0000000000000001, 1
1191, 00, 1111, 01, 0000000000000001, 1
1192, 00, 1111, 01, 0000000000000000, 0
1193, 00, 1111, 01, 0000000000000010, 2
1194, 00, 1111, 01, 0000000000000011, 3
1195, 00, 1111, 01, 0000000000000001, 1
1196, 00, 1111, 01, 0000000000000001, 1
1197, 00, 1111, 01, 0000000000000010, 2
1198, 00, 1111, 01, 0000000000000001, 1
1199, 00, 1111, 01, 1111111111111111, -1
1200, 00, 1111, 01, 1111111111111111, -1
1201, 00, 1111, 01, 1111111111111111, -1
1202, 00, 1111, 01, 0000000000000001, 1
1203, 00, 1111, 01, 1111111111111111, -1
1204, 00, 1111, 01, 0000000000000000, 0
1205, 00, 1111, 01, 0000000000000000, 0
1206, 00, 1111, 01, 0000000000000001, 1
1207, 00, 1111, 01, 0000000000000001, 1
1208, 00, 1111, 01, 0000000000000000, 0
1209, 00, 1111, 01, 0000000000000000, 0
1210, 00, 1111, 01, 0000000000000000, 0
1211, 00, 1111, 01, 0000000000000000, 0
1212, 00, 1111, 01, 0000000000000000, 0
1213, 00, 1111, 01, 0000000000000000, 0
1214, 00, 1111, 01, 0000000000000010, 2
1215, 00, 1111, 01, 0000000000000000, 0
1216, 00, 1111, 01, 1111111111111111, -1
1217, 00, 1111, 01, 0000000000000000, 0
1218, 00, 1111, 01, 0000000000000001, 1
1219, 00, 1111, 01, 0000000000000001, 1
1220, 00, 1111, 01, 0000000000000001, 1
1221, 00, 1111, 01, 0000000000000001, 1
1222, 00, 1111, 01, 0000000000000000, 0
1223, 00, 1111, 01, 0000000000000001, 1
1224, 00, 1111, 01, 0000000000000000, 0
1225, 00, 1111, 01, 0000000000000001, 1
1226, 00, 1111, 01, 0000000000000001, 1
1227, 00, 1111, 01, 1111111111111111, -1
1228, 00, 1111, 01, 0000000000000000, 0
1229, 00, 1111, 01, 0000000000000001, 1
1230, 00, 1111, 01, 0000000000000000, 0
1231, 00, 1111, 01, 0000000000000000, 0
1232, 00, 1111, 01, 0000000000000000, 0
1233, 00, 1111, 01, 1111111111111111, -1
1234, 00, 1111, 01, 0000000000000001, 1
1235, 00, 1111, 01, 0000000000000001, 1
1236, 00, 1111, 01, 1111111111111111, -1
1237, 00, 1111, 01, 0000000000000001, 1
1238, 00, 1111, 01, 1111111111111111, -1
1239, 00, 1111, 01, 0000000000000010, 2
1240, 00, 1111, 01, 0000000000000011, 3
1241, 00, 1111, 01, 0000000000000000, 0
1242, 00, 1111, 01, 0000000000000001, 1
1243, 00, 1111, 01, 0000000000000000, 0
1244, 00, 1111, 01, 1111111111111111, -1
1245, 00, 1111, 01, 0000000000000000, 0
1246, 00, 1111, 01, 0000000000000000, 0
1247, 00, 1111, 01, 0000000000000001, 1
1248, 00, 1111, 01, 1111111111111111, -1
1249, 00, 1111, 01, 1111111111111111, -1
1250, 00, 1111, 01, 0000000000000000, 0
1251, 00, 1111, 01, 0000000000000001, 1
1252, 00, 1111, 01, 0000000000000001, 1
1253, 00, 1111, 01, 1111111111111111, -1
1254, 00, 1111, 01, 0000000000000001, 1
1255, 00, 1111, 01, 0000000000000010, 2
1256, 00, 1111, 01, 0000000000000001, 1
1257, 00, 1111, 01, 1111111111111111, -1
1258, 00, 1111, 01, 0000000000000000, 0
1259, 00, 1111, 01, 1111111111111111, -1
1260, 00, 1111, 01, 0000000000000001, 1
1261, 00, 1111, 01, 0000000000000001, 1
1262, 00, 1111, 01, 0000000000000000, 0
1263, 00, 1111, 01, 0000000000000001, 1
1264, 00, 1111, 01, 0000000000000001, 1
1265, 00, 1111, 01, 0000000000000000, 0
1266, 00, 1111, 01, 0000000000000000, 0
1267, 00, 1111, 01, 1111111111111111, -1
1268, 00, 1111, 01, 0000000000000000, 0
1269, 00, 1111, 01, 0000000000000000, 0
1270, 00, 1111, 01, 1111111111111111, -1
1271, 00, 1111, 01, 0000000000000000, 0
1272, 00, 1111, 01, 0000000000000001, 1
1273, 00, 1111, 01, 0000000000000001, 1
1274, 00, 1111, 01, 0000000000000001, 1
1275, 00, 1111, 01, 0000000000000001, 1
1276, 00, 1111, 01, 0000000000000010, 2
1277, 00, 1111, 01, 0000000000000001, 1
1278, 00, 1111, 01, 0000000000000001, 1
1279, 00, 1111, 01, 0000000000000000, 0
1280, 00, 1111, 01, 0000000000000001, 1
1281, 00, 1111, 01, 0000000000000001, 1
1282, 00, 1111, 01, 0000000000000001, 1
1283, 00, 1111, 01, 1111111111111111, -1
1284, 00, 1111, 01, 1111111111111111, -1
1285, 00, 1111, 01, 0000000000000010, 2
1286, 00, 1111, 01, 0000000000000010, 2
1287, 00, 1111, 01, 0000000000000001, 1
1288, 00, 1111, 01, 0000000000000010, 2
1289, 00, 1111, 01, 0000000000000001, 1
1290, 00, 1111, 01, 0000000000000010, 2
1291, 00, 1111, 01, 0000000000000001, 1
1292, 00, 1111, 01, 0000000000000000, 0
1293, 00, 1111, 01, 0000000000000001, 1
1294, 00, 1111, 01, 1111111111111110, -2
1295, 00, 1111, 01, 0000000000000010, 2
1296, 00, 1111, 01, 0000000000000001, 1
1297, 00, 1111, 01, 0000000000000000, 0
1298, 00, 1111, 01, 0000000000000001, 1
1299, 00, 1111, 01, 0000000000000000, 0
1300, 00, 1111, 01, 0000000000000001, 1
1301, 00, 1111, 01, 1111111111111111, -1
1302, 00, 1111, 01, 0000000000000000, 0
1303, 00, 1111, 01, 0000000000000000, 0
1304, 00, 1111, 01, 0000000000000001, 1
1305, 00, 1111, 01, 0000000000000001, 1
1306, 00, 1111, 01, 0000000000000010, 2
1307, 00, 1111, 01, 0000000000000001, 1
1308, 00, 1111, 01, 1111111111111111, -1
1309, 00, 1111, 01, 1111111111111111, -1
1310, 00, 1111, 01, 0000000000000000, 0
1311, 00, 1111, 01, 1111111111111111, -1
1312, 00, 1111, 01, 0000000000000010, 2
1313, 00, 1111, 01, 0000000000000001, 1
1314, 00, 1111, 01, 0000000000000011, 3
1315, 00, 1111, 01, 0000000000000000, 0
1316, 00, 1111, 01, 0000000000000000, 0
1317, 00, 1111, 01, 0000000000000001, 1
1318, 00, 1111, 01, 0000000000000000, 0
1319, 00, 1111, 01, 0000000000000010, 2
1320, 00, 1111, 01, 0000000000000001, 1
1321, 00, 1111, 01, 0000000000000001, 1
1322, 00, 1111, 01, 0000000000000010, 2
1323, 00, 1111, 01, 0000000000000000, 0
1324, 00, 1111, 01, 0000000000000000, 0
1325, 00, 1111, 01, 0000000000000010, 2
1326, 00, 1111, 01, 0000000000000001, 1
1327, 00, 1111, 01, 0000000000000001, 1
1328, 00, 1111, 01, 1111111111111111, -1
1329, 00, 1111, 01, 0000000000000001, 1
1330, 00, 1111, 01, 0000000000000000, 0
1331, 00, 1111, 01, 0000000000000001, 1
1332, 00, 1111, 01, 0000000000000011, 3
1333, 00, 1111, 01, 0000000000000000, 0
1334, 00, 1111, 01, 1111111111111111, -1
1335, 00, 1111, 01, 0000000000000001, 1
1336, 00, 1111, 01, 0000000000000001, 1
1337, 00, 1111, 01, 0000000000000000, 0
1338, 00, 1111, 01, 0000000000000000, 0
1339, 00, 1111, 01, 0000000000000011, 3
1340, 00, 1111, 01, 0000000000000001, 1
1341, 00, 1111, 01, 0000000000000001, 1
1342, 00, 1111, 01, 0000000000000000, 0
1343, 00, 1111, 01, 0000000000000001, 1
1344, 00, 1111, 01, 0000000000000000, 0
1345, 00, 1111, 01, 0000000000000010, 2
1346, 00, 1111, 01, 0000000000000001, 1
1347, 00, 1111, 01, 1111111111111111, -1
1348, 00, 1111, 01, 0000000000000010, 2
1349, 00, 1111, 01, 0000000000000001, 1
1350, 00, 1111, 01, 0000000000000001, 1
1351, 00, 1111, 01, 0000000000000000, 0
1352, 00, 1111, 01, 1111111111111111, -1
1353, 00, 1111, 01, 0000000000000000, 0
1354, 00, 1111, 01, 1111111111111110, -2
1355, 00, 1111, 01, 0000000000000001, 1
1356, 00, 1111, 01, 0000000000000000, 0
1357, 00, 1111, 01, 0000000000000000, 0
1358, 00, 1111, 01, 0000000000000010, 2
1359, 00, 1111, 01, 0000000000000010, 2
1360, 00, 1111, 01, 0000000000000001, 1
1361, 00, 1111, 01, 0000000000000001, 1
1362, 00, 1111, 01, 0000000000000000, 0
1363, 00, 1111, 01, 0000000000000001, 1
1364, 00, 1111, 01, 0000000000000001, 1
1365, 00, 1111, 01, 0000000000000001, 1
1366, 00, 1111, 01, 0000000000000000, 0
1367, 00, 1111, 01, 0000000000000001, 1
1368, 00, 1111, 01, 0000000000000001, 1
1369, 00, 1111, 01, 0000000000000001, 1
1370, 00, 1111, 01, 0000000000000001, 1
1371, 00, 1111, 01, 0000000000000001, 1
1372, 00, 1111, 01, 1111111111111111, -1
1373, 00, 1111, 01, 0000000000000010, 2
1374, 00, 1111, 01, 0000000000000010, 2
1375, 00, 1111, 01, 0000000000000001, 1
1376, 00, 1111, 01, 0000000000000001, 1
1377, 00, 1111, 01, 0000000000000001, 1
1378, 00, 1111, 01, 0000000000000010, 2
1379, 00, 1111, 01, 0000000000000010, 2
1380, 00, 1111, 01, 0000000000000011, 3
1381, 00, 1111, 01, 0000000000000000, 0
1382, 00, 1111, 01, 1111111111111111, -1
1383, 00, 1111, 01, 1111111111111111, -1
1384, 00, 1111, 01, 1111111111111111, -1
1385, 00, 1111, 01, 1111111111111110, -2
1386, 00, 1111, 01, 0000000000000001, 1
1387, 00, 1111, 01, 0000000000000000, 0
1388, 00, 1111, 01, 1111111111111111, -1
1389, 00, 1111, 01, 1111111111111111, -1
1390, 00, 1111, 01, 0000000000000010, 2
1391, 00, 1111, 01, 1111111111111111, -1
1392, 00, 1111, 01, 1111111111111111, -1
1393, 00, 1111, 01, 0000000000000000, 0
1394, 00, 1111, 01, 0000000000000000, 0
1395, 00, 1111, 01, 1111111111111111, -1
1396, 00, 1111, 01, 1111111111111110, -2
1397, 00, 1111, 01, 1111111111111111, -1
1398, 00, 1111, 01, 0000000000000000, 0
1399, 00, 1111, 01, 1111111111111111, -1
1400, 00, 1111, 01, 1111111111111111, -1
1401, 00, 1111, 01, 0000000000000001, 1
1402, 00, 1111, 01, 0000000000000000, 0
1403, 00, 1111, 01, 0000000000000000, 0
1404, 00, 1111, 01, 0000000000000000, 0
1405, 00, 1111, 01, 0000000000000000, 0
1406, 00, 1111, 01, 1111111111111111, -1
1407, 00, 1111, 01, 0000000000000010, 2
1408, 00, 1111, 01, 0000000000000000, 0
1409, 00, 1111, 01, 0000000000000000, 0
1410, 00, 1111, 01, 0000000000000010, 2
1411, 00, 1111, 01, 0000000000000000, 0
1412, 00, 1111, 01, 0000000000000000, 0
1413, 00, 1111, 01, 0000000000000010, 2
1414, 00, 1111, 01, 0000000000000000, 0
1415, 00, 1111, 01, 1111111111111111, -1
1416, 00, 1111, 01, 0000000000000000, 0
1417, 00, 1111, 01, 0000000000000000, 0
1418, 00, 1111, 01, 0000000000000010, 2
1419, 00, 1111, 01, 0000000000000001, 1
1420, 00, 1111, 01, 0000000000000001, 1
1421, 00, 1111, 01, 0000000000000000, 0
1422, 00, 1111, 01, 0000000000000001, 1
1423, 00, 1111, 01, 0000000000000000, 0
1424, 00, 1111, 01, 0000000000000010, 2
1425, 00, 1111, 01, 0000000000000011, 3
1426, 00, 1111, 01, 1111111111111111, -1
1427, 00, 1111, 01, 1111111111111111, -1
1428, 00, 1111, 01, 0000000000000000, 0
1429, 00, 1111, 01, 0000000000000001, 1
1430, 00, 1111, 01, 1111111111111111, -1
1431, 00, 1111, 01, 0000000000000001, 1
1432, 00, 1111, 01, 0000000000000000, 0
1433, 00, 1111, 01, 0000000000000001, 1
1434, 00, 1111, 01, 0000000000000001, 1
1435, 00, 1111, 01, 0000000000000001, 1
1436, 00, 1111, 01, 1111111111111111, -1
1437, 00, 1111, 01, 0000000000000000, 0
1438, 00, 1111, 01, 0000000000000011, 3
1439, 00, 1111, 01, 0000000000000000, 0
1440, 00, 1111, 01, 0000000000000000, 0
1441, 00, 1111, 01, 0000000000000000, 0
1442, 00, 1111, 01, 0000000000000010, 2
1443, 00, 1111, 01, 0000000000000001, 1
1444, 00, 1111, 01, 0000000000000000, 0
1445, 00, 1111, 01, 0000000000000010, 2
1446, 00, 1111, 01, 0000000000000001, 1
1447, 00, 1111, 01, 0000000000000000, 0
1448, 00, 1111, 01, 1111111111111110, -2
1449, 00, 1111, 01, 1111111111111111, -1
1450, 00, 1111, 01, 0000000000000010, 2
1451, 00, 1111, 01, 0000000000000100, 4
1452, 00, 1111, 01, 0000000000000001, 1
1453, 00, 1111, 01, 0000000000000011, 3
1454, 00, 1111, 01, 1111111111111111, -1
1455, 00, 1111, 01, 0000000000000001, 1
1456, 00, 1111, 01, 0000000000000011, 3
1457, 00, 1111, 01, 0000000000000010, 2
1458, 00, 1111, 01, 0000000000000000, 0
1459, 00, 1111, 01, 1111111111111111, -1
1460, 00, 1111, 01, 0000000000000010, 2
1461, 00, 1111, 01, 0000000000000010, 2
1462, 00, 1111, 01, 0000000000000001, 1
1463, 00, 1111, 01, 0000000000000001, 1
1464, 00, 1111, 01, 0000000000000001, 1
1465, 00, 1111, 01, 0000000000000000, 0
1466, 00, 1111, 01, 0000000000000000, 0
1467, 00, 1111, 01, 0000000000000001, 1
1468, 00, 1111, 01, 0000000000000010, 2
1469, 00, 1111, 01, 0000000000000001, 1
1470, 00, 1111, 01, 0000000000000000, 0
1471, 00, 1111, 01, 0000000000000000, 0
1472, 00, 1111, 01, 0000000000000001, 1
1473, 00, 1111, 01, 0000000000000000, 0
1474, 00, 1111, 01, 0000000000000010, 2
1475, 00, 1111, 01, 0000000000000010, 2
1476, 00, 1111, 01, 0000000000000010, 2
1477, 00, 1111, 01, 0000000000000001, 1
1478, 00, 1111, 01, 0000000000000010, 2
1479, 00, 1111, 01, 0000000000000010, 2
1480, 00, 1111, 01, 0000000000000001, 1
1481, 00, 1111, 01, 0000000000000001, 1
1482, 00, 1111, 01, 0000000000000000, 0
1483, 00, 1111, 01, 0000000000000000, 0
1484, 00, 1111, 01, 0000000000000010, 2
1485, 00, 1111, 01, 0000000000000010, 2
1486, 00, 1111, 01, 1111111111111111, -1
1487, 00, 1111, 01, 0000000000000000, 0
1488, 00, 1111, 01, 0000000000000000, 0
1489, 00, 1111, 01, 0000000000000001, 1
1490, 00, 1111, 01, 0000000000000000, 0
1491, 00, 1111, 01, 0000000000000000, 0
1492, 00, 1111, 01, 0000000000000000, 0
1493, 00, 1111, 01, 0000000000000000, 0
1494, 00, 1111, 01, 0000000000000000, 0
1495, 00, 1111, 01, 0000000000000001, 1
1496, 00, 1111, 01, 0000000000000000, 0
1497, 00, 1111, 01, 0000000000000001, 1
1498, 00, 1111, 01, 0000000000000000, 0
1499, 00, 1111, 01, 0000000000000000, 0
1500, 00, 1111, 01, 0000000000000000, 0
1501, 00, 1111, 01, 1111111111111111, -1
1502, 00, 1111, 01, 0000000000000000, 0
1503, 00, 1111, 01, 1111111111111111, -1
1504, 00, 1111, 01, 1111111111111111, -1
1505, 00, 1111, 01, 1111111111111101, -3
1506, 00, 1111, 01, 0000000000000001, 1
1507, 00, 1111, 01, 0000000000000001, 1
1508, 00, 1111, 01, 0000000000000000, 0
1509, 00, 1111, 01, 0000000000000000, 0
1510, 00, 1111, 01, 0000000000000001, 1
1511, 00, 1111, 01, 0000000000000001, 1
1512, 00, 1111, 01, 0000000000000001, 1
1513, 00, 1111, 01, 0000000000000000, 0
1514, 00, 1111, 01, 0000000000000001, 1
1515, 00, 1111, 01, 0000000000000000, 0
1516, 00, 1111, 01, 0000000000000000, 0
1517, 00, 1111, 01, 1111111111111111, -1
1518, 00, 1111, 01, 1111111111111111, -1
1519, 00, 1111, 01, 1111111111111110, -2
1520, 00, 1111, 01, 0000000000000000, 0
1521, 00, 1111, 01, 0000000000000000, 0
1522, 00, 1111, 01, 0000000000000001, 1
1523, 00, 1111, 01, 0000000000000000, 0
1524, 00, 1111, 01, 0000000000000010, 2
1525, 00, 1111, 01, 0000000000000001, 1
1526, 00, 1111, 01, 0000000000000000, 0
1527, 00, 1111, 01, 1111111111111111, -1
1528, 00, 1111, 01, 0000000000000000, 0
1529, 00, 1111, 01, 1111111111111111, -1
1530, 00, 1111, 01, 1111111111111111, -1
1531, 00, 1111, 01, 1111111111111111, -1
1532, 00, 1111, 01, 0000000000000001, 1
1533, 00, 1111, 01, 0000000000000000, 0
1534, 00, 1111, 01, 0000000000000001, 1
1535, 00, 1111, 01, 0000000000000010, 2
