ID, Antenna, Switches, Position, Value
0, 10, 1111, 00, 1111111111111100
1, 10, 1111, 00, 0000000000000001
2, 10, 1111, 00, 0000000000000001
3, 10, 1111, 00, 0000000000000011
4, 10, 1111, 00, 0000000000000010
5, 10, 1111, 00, 1111111111111111
6, 10, 1111, 00, 1111111111111111
7, 10, 1111, 00, 0000000000000011
8, 10, 1111, 00, 0000000000000100
9, 10, 1111, 00, 0000000000000010
10, 10, 1111, 00, 1111111111111111
11, 10, 1111, 00, 0000000000000000
12, 10, 1111, 00, 1111111111111110
13, 10, 1111, 00, 0000000000000000
14, 10, 1111, 00, 0000000000000001
15, 10, 1111, 00, 0000000000000000
16, 10, 1111, 00, 0000000000000000
17, 10, 1111, 00, 1111111111111110
18, 10, 1111, 00, 1111111111111111
19, 10, 1111, 00, 0000000000000000
20, 10, 1111, 00, 1111111111111111
21, 10, 1111, 00, 1111111111111111
22, 10, 1111, 00, 1111111111111110
23, 10, 1111, 00, 1111111111111110
24, 10, 1111, 00, 1111111111111111
25, 10, 1111, 00, 0000000000000010
26, 10, 1111, 00, 0000000000000000
27, 10, 1111, 00, 0000000000000000
28, 10, 1111, 00, 0000000000000001
29, 10, 1111, 00, 0000000000000001
30, 10, 1111, 00, 0000000000000001
31, 10, 1111, 00, 1111111111111111
32, 10, 1111, 00, 1111111111111111
33, 10, 1111, 00, 0000000000000001
34, 10, 1111, 00, 0000000000000000
35, 10, 1111, 00, 0000000000000010
36, 10, 1111, 00, 0000000000000010
37, 10, 1111, 00, 0000000000000001
38, 10, 1111, 00, 0000000000000000
39, 10, 1111, 00, 1111111111111100
40, 10, 1111, 00, 1111111111111100
41, 10, 1111, 00, 1111111111111111
42, 10, 1111, 00, 1111111111111111
43, 10, 1111, 00, 1111111111111110
44, 10, 1111, 00, 1111111111111111
45, 10, 1111, 00, 1111111111111110
46, 10, 1111, 00, 0000000000000001
47, 10, 1111, 00, 1111111111111111
48, 10, 1111, 00, 1111111111111110
49, 10, 1111, 00, 0000000000000000
50, 10, 1111, 00, 1111111111111111
51, 10, 1111, 00, 0000000000000010
52, 10, 1111, 00, 0000000000000000
53, 10, 1111, 00, 0000000000000011
54, 10, 1111, 00, 0000000000000010
55, 10, 1111, 00, 0000000000000010
56, 10, 1111, 00, 0000000000000010
57, 10, 1111, 00, 0000000000000010
58, 10, 1111, 00, 0000000000000010
59, 10, 1111, 00, 0000000000000011
60, 10, 1111, 00, 0000000000000010
61, 10, 1111, 00, 1111111111111111
62, 10, 1111, 00, 0000000000000001
63, 10, 1111, 00, 1111111111111110
64, 10, 1111, 00, 1111111111111111
65, 10, 1111, 00, 0000000000000010
66, 10, 1111, 00, 0000000000000010
67, 10, 1111, 00, 0000000000000100
68, 10, 1111, 00, 0000000000000011
69, 10, 1111, 00, 0000000000000100
70, 10, 1111, 00, 0000000000000011
71, 10, 1111, 00, 0000000000000010
72, 10, 1111, 00, 0000000000000000
73, 10, 1111, 00, 1111111111111111
74, 10, 1111, 00, 0000000000000000
75, 10, 1111, 00, 1111111111111110
76, 10, 1111, 00, 1111111111111101
77, 10, 1111, 00, 1111111111111110
78, 10, 1111, 00, 0000000000000000
79, 10, 1111, 00, 0000000000000101
80, 10, 1111, 00, 0000000000000001
81, 10, 1111, 00, 0000000000000001
82, 10, 1111, 00, 0000000000000000
83, 10, 1111, 00, 0000000000000000
84, 10, 1111, 00, 0000000000000000
85, 10, 1111, 00, 0000000000000000
86, 10, 1111, 00, 0000000000000000
87, 10, 1111, 00, 0000000000000000
88, 10, 1111, 00, 1111111111111111
89, 10, 1111, 00, 0000000000000001
90, 10, 1111, 00, 1111111111111111
91, 10, 1111, 00, 0000000000000001
92, 10, 1111, 00, 0000000000000000
93, 10, 1111, 00, 0000000000000010
94, 10, 1111, 00, 0000000000000001
95, 10, 1111, 00, 0000000000000010
96, 10, 1111, 00, 1111111111111111
97, 10, 1111, 00, 0000000000000000
98, 10, 1111, 00, 0000000000000000
99, 10, 1111, 00, 1111111111111101
100, 10, 1111, 00, 0000000000000000
101, 10, 1111, 00, 0000000000000010
102, 10, 1111, 00, 0000000000000000
103, 10, 1111, 00, 0000000000000000
104, 10, 1111, 00, 0000000000000010
105, 10, 1111, 00, 0000000000000001
106, 10, 1111, 00, 1111111111111101
107, 10, 1111, 00, 1111111111111111
108, 10, 1111, 00, 0000000000000000
109, 10, 1111, 00, 1111111111111111
110, 10, 1111, 00, 0000000000000011
111, 10, 1111, 00, 0000000000000001
112, 10, 1111, 00, 0000000000000000
113, 10, 1111, 00, 0000000000000011
114, 10, 1111, 00, 1111111111111111
115, 10, 1111, 00, 0000000000000010
116, 10, 1111, 00, 0000000000000010
117, 10, 1111, 00, 1111111111111111
118, 10, 1111, 00, 1111111111111111
119, 10, 1111, 00, 1111111111111111
120, 10, 1111, 00, 1111111111111100
121, 10, 1111, 00, 0000000000000001
122, 10, 1111, 00, 0000000000000000
123, 10, 1111, 00, 0000000000000000
124, 10, 1111, 00, 0000000000000001
125, 10, 1111, 00, 0000000000000011
126, 10, 1111, 00, 0000000000000000
127, 10, 1111, 00, 0000000000000001
128, 10, 1111, 00, 0000000000000000
129, 10, 1111, 00, 0000000000000000
130, 10, 1111, 00, 0000000000000001
131, 10, 1111, 00, 0000000000000011
132, 10, 1111, 00, 0000000000000001
133, 10, 1111, 00, 0000000000000010
134, 10, 1111, 00, 0000000000000010
135, 10, 1111, 00, 0000000000000000
136, 10, 1111, 00, 1111111111111110
137, 10, 1111, 00, 1111111111111111
138, 10, 1111, 00, 1111111111111111
139, 10, 1111, 00, 1111111111111111
140, 10, 1111, 00, 0000000000000010
141, 10, 1111, 00, 0000000000000001
142, 10, 1111, 00, 0000000000000000
143, 10, 1111, 00, 1111111111111110
144, 10, 1111, 00, 1111111111111101
145, 10, 1111, 00, 0000000000000000
146, 10, 1111, 00, 0000000000000001
147, 10, 1111, 00, 0000000000000000
148, 10, 1111, 00, 0000000000000010
149, 10, 1111, 00, 0000000000000101
150, 10, 1111, 00, 0000000000000010
151, 10, 1111, 00, 0000000000000001
152, 10, 1111, 00, 0000000000000000
153, 10, 1111, 00, 0000000000000001
154, 10, 1111, 00, 0000000000000010
155, 10, 1111, 00, 0000000000000011
156, 10, 1111, 00, 0000000000000011
157, 10, 1111, 00, 0000000000000011
158, 10, 1111, 00, 0000000000000011
159, 10, 1111, 00, 1111111111111111
160, 10, 1111, 00, 0000000000000000
161, 10, 1111, 00, 0000000000000001
162, 10, 1111, 00, 0000000000000010
163, 10, 1111, 00, 0000000000000000
164, 10, 1111, 00, 0000000000000000
165, 10, 1111, 00, 1111111111111111
166, 10, 1111, 00, 0000000000000000
167, 10, 1111, 00, 0000000000000001
168, 10, 1111, 00, 0000000000000010
169, 10, 1111, 00, 0000000000000010
170, 10, 1111, 00, 0000000000000001
171, 10, 1111, 00, 1111111111111111
172, 10, 1111, 00, 0000000000000000
173, 10, 1111, 00, 0000000000000011
174, 10, 1111, 00, 0000000000000010
175, 10, 1111, 00, 0000000000000001
176, 10, 1111, 00, 0000000000000001
177, 10, 1111, 00, 0000000000000001
178, 10, 1111, 00, 0000000000000010
179, 10, 1111, 00, 0000000000000000
180, 10, 1111, 00, 0000000000000010
181, 10, 1111, 00, 0000000000000100
182, 10, 1111, 00, 0000000000000101
183, 10, 1111, 00, 0000000000000100
184, 10, 1111, 00, 0000000000000010
185, 10, 1111, 00, 0000000000000011
186, 10, 1111, 00, 0000000000000100
187, 10, 1111, 00, 0000000000000100
188, 10, 1111, 00, 0000000000000100
189, 10, 1111, 00, 0000000000000001
190, 10, 1111, 00, 0000000000000001
191, 10, 1111, 00, 1111111111111111
192, 10, 1111, 00, 1111111111111110
193, 10, 1111, 00, 1111111111111110
194, 10, 1111, 00, 0000000000000000
195, 10, 1111, 00, 0000000000000000
196, 10, 1111, 00, 0000000000000000
197, 10, 1111, 00, 0000000000000010
198, 10, 1111, 00, 0000000000000011
199, 10, 1111, 00, 0000000000000010
200, 10, 1111, 00, 0000000000000001
201, 10, 1111, 00, 0000000000000010
202, 10, 1111, 00, 1111111111111111
203, 10, 1111, 00, 0000000000000000
204, 10, 1111, 00, 1111111111111111
205, 10, 1111, 00, 0000000000000000
206, 10, 1111, 00, 1111111111111111
207, 10, 1111, 00, 0000000000000001
208, 10, 1111, 00, 1111111111111110
209, 10, 1111, 00, 1111111111111110
210, 10, 1111, 00, 1111111111111101
211, 10, 1111, 00, 1111111111111111
212, 10, 1111, 00, 0000000000000000
213, 10, 1111, 00, 1111111111111111
214, 10, 1111, 00, 1111111111111111
215, 10, 1111, 00, 0000000000000001
216, 10, 1111, 00, 1111111111111111
217, 10, 1111, 00, 1111111111111111
218, 10, 1111, 00, 0000000000000001
219, 10, 1111, 00, 0000000000000001
220, 10, 1111, 00, 0000000000000001
221, 10, 1111, 00, 0000000000000001
222, 10, 1111, 00, 1111111111111110
223, 10, 1111, 00, 0000000000000000
224, 10, 1111, 00, 0000000000000000
225, 10, 1111, 00, 0000000000000010
226, 10, 1111, 00, 0000000000000011
227, 10, 1111, 00, 0000000000000010
228, 10, 1111, 00, 0000000000000001
229, 10, 1111, 00, 0000000000000000
230, 10, 1111, 00, 1111111111111110
231, 10, 1111, 00, 1111111111111101
232, 10, 1111, 00, 0000000000000001
233, 10, 1111, 00, 0000000000000010
234, 10, 1111, 00, 0000000000000011
235, 10, 1111, 00, 0000000000000011
236, 10, 1111, 00, 0000000000000011
237, 10, 1111, 00, 0000000000000001
238, 10, 1111, 00, 0000000000000010
239, 10, 1111, 00, 0000000000000011
240, 10, 1111, 00, 0000000000000001
241, 10, 1111, 00, 1111111111111111
242, 10, 1111, 00, 0000000000000001
243, 10, 1111, 00, 0000000000000010
244, 10, 1111, 00, 0000000000000001
245, 10, 1111, 00, 0000000000000010
246, 10, 1111, 00, 0000000000000001
247, 10, 1111, 00, 0000000000000001
248, 10, 1111, 00, 0000000000000010
249, 10, 1111, 00, 0000000000000001
250, 10, 1111, 00, 1111111111111110
251, 10, 1111, 00, 1111111111111111
252, 10, 1111, 00, 0000000000000000
253, 10, 1111, 00, 0000000000000010
254, 10, 1111, 00, 0000000000000000
255, 10, 1111, 00, 1111111111111110
256, 10, 1111, 00, 1111111111111111
257, 10, 1111, 00, 0000000000000000
258, 10, 1111, 00, 0000000000000000
259, 10, 1111, 00, 1111111111111101
260, 10, 1111, 00, 0000000000000000
261, 10, 1111, 00, 0000000000000000
262, 10, 1111, 00, 0000000000000010
263, 10, 1111, 00, 0000000000000001
264, 10, 1111, 00, 0000000000000010
265, 10, 1111, 00, 0000000000000001
266, 10, 1111, 00, 0000000000000010
267, 10, 1111, 00, 0000000000000001
268, 10, 1111, 00, 1111111111111111
269, 10, 1111, 00, 0000000000000000
270, 10, 1111, 00, 0000000000000000
271, 10, 1111, 00, 0000000000000000
272, 10, 1111, 00, 0000000000000000
273, 10, 1111, 00, 0000000000000001
274, 10, 1111, 00, 1111111111111101
275, 10, 1111, 00, 0000000000000001
276, 10, 1111, 00, 0000000000000001
277, 10, 1111, 00, 0000000000000001
278, 10, 1111, 00, 0000000000000011
279, 10, 1111, 00, 0000000000000010
280, 10, 1111, 00, 0000000000000100
281, 10, 1111, 00, 0000000000000000
282, 10, 1111, 00, 1111111111111111
283, 10, 1111, 00, 0000000000000000
284, 10, 1111, 00, 0000000000000000
285, 10, 1111, 00, 0000000000000001
286, 10, 1111, 00, 1111111111111111
287, 10, 1111, 00, 0000000000000000
288, 10, 1111, 00, 0000000000000000
289, 10, 1111, 00, 1111111111111111
290, 10, 1111, 00, 0000000000000001
291, 10, 1111, 00, 0000000000000000
292, 10, 1111, 00, 0000000000000001
293, 10, 1111, 00, 0000000000000010
294, 10, 1111, 00, 0000000000000010
295, 10, 1111, 00, 0000000000000011
296, 10, 1111, 00, 0000000000000100
297, 10, 1111, 00, 0000000000000000
298, 10, 1111, 00, 0000000000000011
299, 10, 1111, 00, 0000000000000011
300, 10, 1111, 00, 0000000000000001
301, 10, 1111, 00, 0000000000000010
302, 10, 1111, 00, 0000000000000001
303, 10, 1111, 00, 0000000000000000
304, 10, 1111, 00, 1111111111111111
305, 10, 1111, 00, 1111111111111101
306, 10, 1111, 00, 0000000000000000
307, 10, 1111, 00, 0000000000000000
308, 10, 1111, 00, 0000000000000011
309, 10, 1111, 00, 0000000000000001
310, 10, 1111, 00, 0000000000000000
311, 10, 1111, 00, 1111111111111111
312, 10, 1111, 00, 0000000000000001
313, 10, 1111, 00, 1111111111111110
314, 10, 1111, 00, 1111111111111111
315, 10, 1111, 00, 1111111111111111
316, 10, 1111, 00, 1111111111111101
317, 10, 1111, 00, 1111111111111101
318, 10, 1111, 00, 0000000000000001
319, 10, 1111, 00, 1111111111111110
320, 10, 1111, 00, 0000000000000000
321, 10, 1111, 00, 1111111111111110
322, 10, 1111, 00, 0000000000000001
323, 10, 1111, 00, 0000000000000010
324, 10, 1111, 00, 0000000000000010
325, 10, 1111, 00, 0000000000000001
326, 10, 1111, 00, 0000000000000010
327, 10, 1111, 00, 0000000000000000
328, 10, 1111, 00, 0000000000000001
329, 10, 1111, 00, 0000000000000001
330, 10, 1111, 00, 0000000000000001
331, 10, 1111, 00, 1111111111111110
332, 10, 1111, 00, 1111111111111111
333, 10, 1111, 00, 0000000000000000
334, 10, 1111, 00, 0000000000000000
335, 10, 1111, 00, 1111111111111110
336, 10, 1111, 00, 1111111111111111
337, 10, 1111, 00, 1111111111111111
338, 10, 1111, 00, 0000000000000000
339, 10, 1111, 00, 1111111111111111
340, 10, 1111, 00, 1111111111111111
341, 10, 1111, 00, 1111111111111110
342, 10, 1111, 00, 1111111111111111
343, 10, 1111, 00, 1111111111111101
344, 10, 1111, 00, 1111111111111111
345, 10, 1111, 00, 0000000000000001
346, 10, 1111, 00, 0000000000000100
347, 10, 1111, 00, 0000000000000011
348, 10, 1111, 00, 0000000000000000
349, 10, 1111, 00, 0000000000000001
350, 10, 1111, 00, 1111111111111111
351, 10, 1111, 00, 1111111111111111
352, 10, 1111, 00, 1111111111111111
353, 10, 1111, 00, 1111111111111111
354, 10, 1111, 00, 0000000000000001
355, 10, 1111, 00, 0000000000000000
356, 10, 1111, 00, 0000000000000010
357, 10, 1111, 00, 0000000000000001
358, 10, 1111, 00, 0000000000000010
359, 10, 1111, 00, 0000000000000101
360, 10, 1111, 00, 0000000000000000
361, 10, 1111, 00, 0000000000000000
362, 10, 1111, 00, 1111111111111111
363, 10, 1111, 00, 0000000000000001
364, 10, 1111, 00, 0000000000000001
365, 10, 1111, 00, 0000000000000001
366, 10, 1111, 00, 0000000000000001
367, 10, 1111, 00, 0000000000000000
368, 10, 1111, 00, 0000000000000000
369, 10, 1111, 00, 0000000000000001
370, 10, 1111, 00, 1111111111111111
371, 10, 1111, 00, 1111111111111111
372, 10, 1111, 00, 0000000000000001
373, 10, 1111, 00, 0000000000000000
374, 10, 1111, 00, 0000000000000001
375, 10, 1111, 00, 1111111111111111
376, 10, 1111, 00, 0000000000000001
377, 10, 1111, 00, 1111111111111111
378, 10, 1111, 00, 0000000000000000
379, 10, 1111, 00, 0000000000000001
380, 10, 1111, 00, 1111111111111111
381, 10, 1111, 00, 1111111111111111
382, 10, 1111, 00, 1111111111111111
383, 10, 1111, 00, 0000000000000000
384, 10, 1111, 00, 1111111111111111
385, 10, 1111, 00, 0000000000000001
386, 10, 1111, 00, 0000000000000011
387, 10, 1111, 00, 0000000000000000
388, 10, 1111, 00, 0000000000000000
389, 10, 1111, 00, 0000000000000000
390, 10, 1111, 00, 0000000000000001
391, 10, 1111, 00, 0000000000000000
392, 10, 1111, 00, 0000000000000000
393, 10, 1111, 00, 1111111111111111
394, 10, 1111, 00, 0000000000000000
395, 10, 1111, 00, 0000000000000011
396, 10, 1111, 00, 0000000000000000
397, 10, 1111, 00, 1111111111111111
398, 10, 1111, 00, 0000000000000000
399, 10, 1111, 00, 1111111111111110
400, 10, 1111, 00, 0000000000000001
401, 10, 1111, 00, 0000000000000011
402, 10, 1111, 00, 0000000000000001
403, 10, 1111, 00, 0000000000000000
404, 10, 1111, 00, 0000000000000010
405, 10, 1111, 00, 1111111111111111
406, 10, 1111, 00, 0000000000000010
407, 10, 1111, 00, 0000000000000001
408, 10, 1111, 00, 0000000000000000
409, 10, 1111, 00, 0000000000000100
410, 10, 1111, 00, 0000000000000100
411, 10, 1111, 00, 0000000000000100
412, 10, 1111, 00, 0000000000000010
413, 10, 1111, 00, 0000000000000000
414, 10, 1111, 00, 1111111111111111
415, 10, 1111, 00, 0000000000000001
416, 10, 1111, 00, 1111111111111111
417, 10, 1111, 00, 1111111111111100
418, 10, 1111, 00, 0000000000000000
419, 10, 1111, 00, 0000000000000010
420, 10, 1111, 00, 0000000000000000
421, 10, 1111, 00, 1111111111111111
422, 10, 1111, 00, 0000000000000011
423, 10, 1111, 00, 0000000000000001
424, 10, 1111, 00, 0000000000000001
425, 10, 1111, 00, 0000000000000000
426, 10, 1111, 00, 0000000000000001
427, 10, 1111, 00, 0000000000000000
428, 10, 1111, 00, 0000000000000000
429, 10, 1111, 00, 0000000000000001
430, 10, 1111, 00, 1111111111111111
431, 10, 1111, 00, 1111111111111111
432, 10, 1111, 00, 1111111111111101
433, 10, 1111, 00, 0000000000000000
434, 10, 1111, 00, 1111111111111111
435, 10, 1111, 00, 0000000000000001
436, 10, 1111, 00, 1111111111111111
437, 10, 1111, 00, 0000000000000001
438, 10, 1111, 00, 0000000000000001
439, 10, 1111, 00, 0000000000000100
440, 10, 1111, 00, 0000000000000011
441, 10, 1111, 00, 0000000000000010
442, 10, 1111, 00, 1111111111111111
443, 10, 1111, 00, 0000000000000000
444, 10, 1111, 00, 0000000000000001
445, 10, 1111, 00, 0000000000000001
446, 10, 1111, 00, 0000000000000010
447, 10, 1111, 00, 0000000000000100
448, 10, 1111, 00, 0000000000000000
449, 10, 1111, 00, 0000000000000001
450, 10, 1111, 00, 0000000000000001
451, 10, 1111, 00, 1111111111111110
452, 10, 1111, 00, 1111111111111101
453, 10, 1111, 00, 1111111111111110
454, 10, 1111, 00, 0000000000000001
455, 10, 1111, 00, 0000000000000001
456, 10, 1111, 00, 0000000000000001
457, 10, 1111, 00, 0000000000000000
458, 10, 1111, 00, 0000000000000010
459, 10, 1111, 00, 0000000000000010
460, 10, 1111, 00, 1111111111111111
461, 10, 1111, 00, 0000000000000011
462, 10, 1111, 00, 0000000000000100
463, 10, 1111, 00, 0000000000000100
464, 10, 1111, 00, 0000000000000010
465, 10, 1111, 00, 1111111111111111
466, 10, 1111, 00, 1111111111111110
467, 10, 1111, 00, 0000000000000000
468, 10, 1111, 00, 0000000000000001
469, 10, 1111, 00, 0000000000000000
470, 10, 1111, 00, 0000000000000001
471, 10, 1111, 00, 0000000000000010
472, 10, 1111, 00, 0000000000000001
473, 10, 1111, 00, 0000000000000001
474, 10, 1111, 00, 0000000000000001
475, 10, 1111, 00, 0000000000000000
476, 10, 1111, 00, 0000000000000000
477, 10, 1111, 00, 0000000000000000
478, 10, 1111, 00, 1111111111111110
479, 10, 1111, 00, 1111111111111111
480, 10, 1111, 00, 1111111111111111
481, 10, 1111, 00, 0000000000000000
482, 10, 1111, 00, 1111111111111111
483, 10, 1111, 00, 1111111111111111
484, 10, 1111, 00, 0000000000000000
485, 10, 1111, 00, 0000000000000000
486, 10, 1111, 00, 0000000000000001
487, 10, 1111, 00, 1111111111111111
488, 10, 1111, 00, 0000000000000000
489, 10, 1111, 00, 0000000000000000
490, 10, 1111, 00, 0000000000000010
491, 10, 1111, 00, 0000000000000011
492, 10, 1111, 00, 0000000000000001
493, 10, 1111, 00, 1111111111111111
494, 10, 1111, 00, 0000000000000001
495, 10, 1111, 00, 0000000000000010
496, 10, 1111, 00, 0000000000000000
497, 10, 1111, 00, 1111111111111111
498, 10, 1111, 00, 1111111111111101
499, 10, 1111, 00, 1111111111111111
500, 10, 1111, 00, 0000000000000000
501, 10, 1111, 00, 0000000000000000
502, 10, 1111, 00, 0000000000000001
503, 10, 1111, 00, 0000000000000000
504, 10, 1111, 00, 0000000000000010
505, 10, 1111, 00, 0000000000000001
506, 10, 1111, 00, 0000000000000010
507, 10, 1111, 00, 0000000000000001
508, 10, 1111, 00, 1111111111111111
509, 10, 1111, 00, 1111111111111110
510, 10, 1111, 00, 0000000000000000
511, 10, 1111, 00, 0000000000000001
512, 01, 1111, 00, 1111111111111010
513, 01, 1111, 00, 0000000000000000
514, 01, 1111, 00, 0000000000000000
515, 01, 1111, 00, 1111111111111111
516, 01, 1111, 00, 0000000000000000
517, 01, 1111, 00, 1111111111111111
518, 01, 1111, 00, 0000000000000001
519, 01, 1111, 00, 0000000000000000
520, 01, 1111, 00, 0000000000000000
521, 01, 1111, 00, 0000000000000010
522, 01, 1111, 00, 0000000000000000
523, 01, 1111, 00, 1111111111111111
524, 01, 1111, 00, 1111111111111110
525, 01, 1111, 00, 0000000000000000
526, 01, 1111, 00, 1111111111111111
527, 01, 1111, 00, 0000000000000000
528, 01, 1111, 00, 1111111111111110
529, 01, 1111, 00, 0000000000000001
530, 01, 1111, 00, 0000000000000011
531, 01, 1111, 00, 0000000000000011
532, 01, 1111, 00, 0000000000000100
533, 01, 1111, 00, 0000000000000100
534, 01, 1111, 00, 0000000000000011
535, 01, 1111, 00, 0000000000000010
536, 01, 1111, 00, 0000000000000001
537, 01, 1111, 00, 0000000000000001
538, 01, 1111, 00, 1111111111111111
539, 01, 1111, 00, 0000000000000011
540, 01, 1111, 00, 0000000000000001
541, 01, 1111, 00, 0000000000000000
542, 01, 1111, 00, 0000000000000011
543, 01, 1111, 00, 0000000000000011
544, 01, 1111, 00, 0000000000000000
545, 01, 1111, 00, 0000000000000000
546, 01, 1111, 00, 1111111111111111
547, 01, 1111, 00, 0000000000000010
548, 01, 1111, 00, 1111111111111100
549, 01, 1111, 00, 1111111111111110
550, 01, 1111, 00, 0000000000000001
551, 01, 1111, 00, 0000000000000010
552, 01, 1111, 00, 0000000000000000
553, 01, 1111, 00, 0000000000000001
554, 01, 1111, 00, 0000000000000100
555, 01, 1111, 00, 0000000000000001
556, 01, 1111, 00, 0000000000000011
557, 01, 1111, 00, 0000000000000010
558, 01, 1111, 00, 0000000000000010
559, 01, 1111, 00, 0000000000000001
560, 01, 1111, 00, 0000000000000011
561, 01, 1111, 00, 0000000000000010
562, 01, 1111, 00, 0000000000000011
563, 01, 1111, 00, 0000000000000001
564, 01, 1111, 00, 0000000000000010
565, 01, 1111, 00, 0000000000000000
566, 01, 1111, 00, 1111111111111111
567, 01, 1111, 00, 1111111111111111
568, 01, 1111, 00, 0000000000000010
569, 01, 1111, 00, 0000000000000000
570, 01, 1111, 00, 0000000000000010
571, 01, 1111, 00, 1111111111111111
572, 01, 1111, 00, 1111111111111110
573, 01, 1111, 00, 0000000000000010
574, 01, 1111, 00, 0000000000000010
575, 01, 1111, 00, 0000000000000001
576, 01, 1111, 00, 0000000000000011
577, 01, 1111, 00, 0000000000000010
578, 01, 1111, 00, 0000000000000000
579, 01, 1111, 00, 0000000000000001
580, 01, 1111, 00, 0000000000000011
581, 01, 1111, 00, 0000000000000000
582, 01, 1111, 00, 0000000000000010
583, 01, 1111, 00, 0000000000000001
584, 01, 1111, 00, 1111111111111110
585, 01, 1111, 00, 0000000000000000
586, 01, 1111, 00, 0000000000000000
587, 01, 1111, 00, 1111111111111110
588, 01, 1111, 00, 1111111111111110
589, 01, 1111, 00, 1111111111111101
590, 01, 1111, 00, 1111111111111100
591, 01, 1111, 00, 1111111111111100
592, 01, 1111, 00, 1111111111111111
593, 01, 1111, 00, 0000000000000000
594, 01, 1111, 00, 1111111111111111
595, 01, 1111, 00, 0000000000000010
596, 01, 1111, 00, 0000000000000001
597, 01, 1111, 00, 1111111111111101
598, 01, 1111, 00, 1111111111111111
599, 01, 1111, 00, 0000000000000000
600, 01, 1111, 00, 1111111111111111
601, 01, 1111, 00, 0000000000000000
602, 01, 1111, 00, 1111111111111111
603, 01, 1111, 00, 1111111111111110
604, 01, 1111, 00, 1111111111111110
605, 01, 1111, 00, 0000000000000000
606, 01, 1111, 00, 0000000000000000
607, 01, 1111, 00, 0000000000000001
608, 01, 1111, 00, 0000000000000001
609, 01, 1111, 00, 0000000000000001
610, 01, 1111, 00, 0000000000000010
611, 01, 1111, 00, 0000000000000001
612, 01, 1111, 00, 1111111111111111
613, 01, 1111, 00, 1111111111111110
614, 01, 1111, 00, 1111111111111111
615, 01, 1111, 00, 1111111111111101
616, 01, 1111, 00, 0000000000000001
617, 01, 1111, 00, 0000000000000000
618, 01, 1111, 00, 0000000000000001
619, 01, 1111, 00, 0000000000000100
620, 01, 1111, 00, 0000000000000011
621, 01, 1111, 00, 0000000000000010
622, 01, 1111, 00, 0000000000000010
623, 01, 1111, 00, 1111111111111111
624, 01, 1111, 00, 0000000000000001
625, 01, 1111, 00, 1111111111111111
626, 01, 1111, 00, 1111111111111111
627, 01, 1111, 00, 1111111111111110
628, 01, 1111, 00, 1111111111111110
629, 01, 1111, 00, 1111111111111111
630, 01, 1111, 00, 0000000000000000
631, 01, 1111, 00, 0000000000000001
632, 01, 1111, 00, 1111111111111111
633, 01, 1111, 00, 1111111111111111
634, 01, 1111, 00, 0000000000000000
635, 01, 1111, 00, 0000000000000001
636, 01, 1111, 00, 1111111111111111
637, 01, 1111, 00, 0000000000000010
638, 01, 1111, 00, 0000000000000001
639, 01, 1111, 00, 0000000000000010
640, 01, 1111, 00, 0000000000000000
641, 01, 1111, 00, 1111111111111101
642, 01, 1111, 00, 1111111111111111
643, 01, 1111, 00, 1111111111111101
644, 01, 1111, 00, 0000000000000011
645, 01, 1111, 00, 0000000000000011
646, 01, 1111, 00, 0000000000000000
647, 01, 1111, 00, 0000000000000001
648, 01, 1111, 00, 0000000000000010
649, 01, 1111, 00, 0000000000000010
650, 01, 1111, 00, 0000000000000011
651, 01, 1111, 00, 0000000000000001
652, 01, 1111, 00, 0000000000000010
653, 01, 1111, 00, 1111111111111111
654, 01, 1111, 00, 1111111111111101
655, 01, 1111, 00, 0000000000000010
656, 01, 1111, 00, 0000000000000001
657, 01, 1111, 00, 0000000000000001
658, 01, 1111, 00, 0000000000000000
659, 01, 1111, 00, 0000000000000011
660, 01, 1111, 00, 0000000000000010
661, 01, 1111, 00, 0000000000000000
662, 01, 1111, 00, 0000000000000000
663, 01, 1111, 00, 0000000000000001
664, 01, 1111, 00, 1111111111111110
665, 01, 1111, 00, 0000000000000000
666, 01, 1111, 00, 0000000000000000
667, 01, 1111, 00, 1111111111111110
668, 01, 1111, 00, 0000000000000000
669, 01, 1111, 00, 1111111111111111
670, 01, 1111, 00, 0000000000000010
671, 01, 1111, 00, 0000000000000011
672, 01, 1111, 00, 0000000000000001
673, 01, 1111, 00, 0000000000000001
674, 01, 1111, 00, 0000000000000000
675, 01, 1111, 00, 0000000000000011
676, 01, 1111, 00, 0000000000000001
677, 01, 1111, 00, 0000000000000010
678, 01, 1111, 00, 0000000000000100
679, 01, 1111, 00, 0000000000000011
680, 01, 1111, 00, 0000000000000001
681, 01, 1111, 00, 1111111111111111
682, 01, 1111, 00, 0000000000000000
683, 01, 1111, 00, 0000000000000001
684, 01, 1111, 00, 0000000000000000
685, 01, 1111, 00, 1111111111111111
686, 01, 1111, 00, 1111111111111111
687, 01, 1111, 00, 0000000000000000
688, 01, 1111, 00, 0000000000000001
689, 01, 1111, 00, 0000000000000000
690, 01, 1111, 00, 0000000000000010
691, 01, 1111, 00, 0000000000000001
692, 01, 1111, 00, 0000000000000001
693, 01, 1111, 00, 0000000000000000
694, 01, 1111, 00, 1111111111111111
695, 01, 1111, 00, 0000000000000000
696, 01, 1111, 00, 0000000000000001
697, 01, 1111, 00, 0000000000000000
698, 01, 1111, 00, 0000000000000000
699, 01, 1111, 00, 0000000000000010
700, 01, 1111, 00, 0000000000000011
701, 01, 1111, 00, 0000000000000010
702, 01, 1111, 00, 0000000000000001
703, 01, 1111, 00, 1111111111111111
704, 01, 1111, 00, 1111111111111101
705, 01, 1111, 00, 1111111111111110
706, 01, 1111, 00, 1111111111111100
707, 01, 1111, 00, 1111111111111110
708, 01, 1111, 00, 1111111111111101
709, 01, 1111, 00, 1111111111111110
710, 01, 1111, 00, 0000000000000001
711, 01, 1111, 00, 0000000000000001
712, 01, 1111, 00, 0000000000000101
713, 01, 1111, 00, 0000000000000011
714, 01, 1111, 00, 0000000000000011
715, 01, 1111, 00, 0000000000000100
716, 01, 1111, 00, 0000000000000010
717, 01, 1111, 00, 0000000000000010
718, 01, 1111, 00, 0000000000000011
719, 01, 1111, 00, 0000000000000010
720, 01, 1111, 00, 0000000000000001
721, 01, 1111, 00, 0000000000000100
722, 01, 1111, 00, 0000000000000101
723, 01, 1111, 00, 0000000000000101
724, 01, 1111, 00, 0000000000000100
725, 01, 1111, 00, 1111111111111111
726, 01, 1111, 00, 0000000000000001
727, 01, 1111, 00, 0000000000000001
728, 01, 1111, 00, 1111111111111111
729, 01, 1111, 00, 0000000000000000
730, 01, 1111, 00, 0000000000000010
731, 01, 1111, 00, 0000000000000010
732, 01, 1111, 00, 0000000000000011
733, 01, 1111, 00, 0000000000000011
734, 01, 1111, 00, 0000000000000101
735, 01, 1111, 00, 0000000000000011
736, 01, 1111, 00, 0000000000000011
737, 01, 1111, 00, 0000000000000000
738, 01, 1111, 00, 0000000000000000
739, 01, 1111, 00, 1111111111111111
740, 01, 1111, 00, 1111111111111111
741, 01, 1111, 00, 0000000000000001
742, 01, 1111, 00, 1111111111111111
743, 01, 1111, 00, 0000000000000000
744, 01, 1111, 00, 0000000000000000
745, 01, 1111, 00, 0000000000000000
746, 01, 1111, 00, 0000000000000001
747, 01, 1111, 00, 0000000000000001
748, 01, 1111, 00, 0000000000000001
749, 01, 1111, 00, 0000000000000000
750, 01, 1111, 00, 1111111111111111
751, 01, 1111, 00, 1111111111111110
752, 01, 1111, 00, 0000000000000001
753, 01, 1111, 00, 0000000000000001
754, 01, 1111, 00, 0000000000000001
755, 01, 1111, 00, 0000000000000000
756, 01, 1111, 00, 0000000000000010
757, 01, 1111, 00, 0000000000000010
758, 01, 1111, 00, 0000000000000001
759, 01, 1111, 00, 0000000000000000
760, 01, 1111, 00, 0000000000000011
761, 01, 1111, 00, 0000000000000001
762, 01, 1111, 00, 1111111111111110
763, 01, 1111, 00, 1111111111111111
764, 01, 1111, 00, 0000000000000010
765, 01, 1111, 00, 0000000000000010
766, 01, 1111, 00, 0000000000000000
767, 01, 1111, 00, 0000000000000001
768, 01, 1111, 00, 0000000000000001
769, 01, 1111, 00, 1111111111111111
770, 01, 1111, 00, 0000000000000001
771, 01, 1111, 00, 0000000000000001
772, 01, 1111, 00, 0000000000000001
773, 01, 1111, 00, 0000000000000100
774, 01, 1111, 00, 0000000000000000
775, 01, 1111, 00, 0000000000000011
776, 01, 1111, 00, 0000000000000001
777, 01, 1111, 00, 0000000000000001
778, 01, 1111, 00, 0000000000000000
779, 01, 1111, 00, 0000000000000001
780, 01, 1111, 00, 0000000000000001
781, 01, 1111, 00, 0000000000000100
782, 01, 1111, 00, 0000000000000101
783, 01, 1111, 00, 0000000000000100
784, 01, 1111, 00, 0000000000000011
785, 01, 1111, 00, 0000000000000010
786, 01, 1111, 00, 1111111111111111
787, 01, 1111, 00, 0000000000000001
788, 01, 1111, 00, 0000000000000010
789, 01, 1111, 00, 0000000000000010
790, 01, 1111, 00, 0000000000000001
791, 01, 1111, 00, 0000000000000000
792, 01, 1111, 00, 0000000000000010
793, 01, 1111, 00, 1111111111111101
794, 01, 1111, 00, 1111111111111101
795, 01, 1111, 00, 1111111111111111
796, 01, 1111, 00, 0000000000000000
797, 01, 1111, 00, 1111111111111111
798, 01, 1111, 00, 0000000000000001
799, 01, 1111, 00, 0000000000000000
800, 01, 1111, 00, 1111111111111110
801, 01, 1111, 00, 0000000000000000
802, 01, 1111, 00, 0000000000000000
803, 01, 1111, 00, 0000000000000000
804, 01, 1111, 00, 1111111111111111
805, 01, 1111, 00, 0000000000000001
806, 01, 1111, 00, 0000000000000010
807, 01, 1111, 00, 0000000000000000
808, 01, 1111, 00, 0000000000000001
809, 01, 1111, 00, 0000000000000010
810, 01, 1111, 00, 1111111111111110
811, 01, 1111, 00, 0000000000000000
812, 01, 1111, 00, 1111111111111111
813, 01, 1111, 00, 0000000000000010
814, 01, 1111, 00, 0000000000000010
815, 01, 1111, 00, 0000000000000001
816, 01, 1111, 00, 0000000000000001
817, 01, 1111, 00, 0000000000000010
818, 01, 1111, 00, 1111111111111111
819, 01, 1111, 00, 0000000000000000
820, 01, 1111, 00, 1111111111111101
821, 01, 1111, 00, 0000000000000000
822, 01, 1111, 00, 0000000000000000
823, 01, 1111, 00, 1111111111111111
824, 01, 1111, 00, 1111111111111101
825, 01, 1111, 00, 0000000000000000
826, 01, 1111, 00, 0000000000000001
827, 01, 1111, 00, 1111111111111111
828, 01, 1111, 00, 1111111111111100
829, 01, 1111, 00, 1111111111111110
830, 01, 1111, 00, 0000000000000000
831, 01, 1111, 00, 0000000000000001
832, 01, 1111, 00, 1111111111111110
833, 01, 1111, 00, 1111111111111111
834, 01, 1111, 00, 0000000000000001
835, 01, 1111, 00, 0000000000000010
836, 01, 1111, 00, 0000000000000000
837, 01, 1111, 00, 1111111111111111
838, 01, 1111, 00, 1111111111111111
839, 01, 1111, 00, 1111111111111110
840, 01, 1111, 00, 1111111111111101
841, 01, 1111, 00, 0000000000000000
842, 01, 1111, 00, 0000000000000001
843, 01, 1111, 00, 1111111111111111
844, 01, 1111, 00, 0000000000000001
845, 01, 1111, 00, 0000000000000010
846, 01, 1111, 00, 0000000000000011
847, 01, 1111, 00, 0000000000000011
848, 01, 1111, 00, 0000000000000100
849, 01, 1111, 00, 0000000000000100
850, 01, 1111, 00, 0000000000000001
851, 01, 1111, 00, 0000000000000000
852, 01, 1111, 00, 0000000000000000
853, 01, 1111, 00, 0000000000000001
854, 01, 1111, 00, 0000000000000000
855, 01, 1111, 00, 0000000000000000
856, 01, 1111, 00, 0000000000000000
857, 01, 1111, 00, 0000000000000001
858, 01, 1111, 00, 0000000000000000
859, 01, 1111, 00, 0000000000000001
860, 01, 1111, 00, 1111111111111101
861, 01, 1111, 00, 1111111111111110
862, 01, 1111, 00, 1111111111111111
863, 01, 1111, 00, 0000000000000001
864, 01, 1111, 00, 0000000000000010
865, 01, 1111, 00, 0000000000000001
866, 01, 1111, 00, 0000000000000000
867, 01, 1111, 00, 1111111111111111
868, 01, 1111, 00, 0000000000000001
869, 01, 1111, 00, 0000000000000000
870, 01, 1111, 00, 0000000000000000
871, 01, 1111, 00, 0000000000000000
872, 01, 1111, 00, 0000000000000010
873, 01, 1111, 00, 0000000000000001
874, 01, 1111, 00, 0000000000000010
875, 01, 1111, 00, 0000000000000000
876, 01, 1111, 00, 0000000000000001
877, 01, 1111, 00, 0000000000000010
878, 01, 1111, 00, 1111111111111111
879, 01, 1111, 00, 1111111111111110
880, 01, 1111, 00, 0000000000000010
881, 01, 1111, 00, 0000000000000000
882, 01, 1111, 00, 0000000000000001
883, 01, 1111, 00, 1111111111111111
884, 01, 1111, 00, 0000000000000000
885, 01, 1111, 00, 0000000000000010
886, 01, 1111, 00, 1111111111111111
887, 01, 1111, 00, 0000000000000001
888, 01, 1111, 00, 1111111111111110
889, 01, 1111, 00, 1111111111111111
890, 01, 1111, 00, 1111111111111111
891, 01, 1111, 00, 0000000000000000
892, 01, 1111, 00, 1111111111111110
893, 01, 1111, 00, 0000000000000000
894, 01, 1111, 00, 1111111111111101
895, 01, 1111, 00, 1111111111111110
896, 01, 1111, 00, 0000000000000001
897, 01, 1111, 00, 0000000000000010
898, 01, 1111, 00, 1111111111111111
899, 01, 1111, 00, 0000000000000000
900, 01, 1111, 00, 0000000000000000
901, 01, 1111, 00, 0000000000000011
902, 01, 1111, 00, 0000000000000010
903, 01, 1111, 00, 1111111111111111
904, 01, 1111, 00, 0000000000000000
905, 01, 1111, 00, 1111111111111111
906, 01, 1111, 00, 1111111111111111
907, 01, 1111, 00, 1111111111111110
908, 01, 1111, 00, 1111111111111111
909, 01, 1111, 00, 0000000000000000
910, 01, 1111, 00, 0000000000000001
911, 01, 1111, 00, 0000000000000001
912, 01, 1111, 00, 0000000000000010
913, 01, 1111, 00, 0000000000000001
914, 01, 1111, 00, 0000000000000000
915, 01, 1111, 00, 0000000000000001
916, 01, 1111, 00, 0000000000000001
917, 01, 1111, 00, 0000000000000001
918, 01, 1111, 00, 1111111111111111
919, 01, 1111, 00, 0000000000000001
920, 01, 1111, 00, 0000000000000011
921, 01, 1111, 00, 0000000000000010
922, 01, 1111, 00, 1111111111111111
923, 01, 1111, 00, 1111111111111111
924, 01, 1111, 00, 0000000000000000
925, 01, 1111, 00, 0000000000000000
926, 01, 1111, 00, 1111111111111110
927, 01, 1111, 00, 0000000000000001
928, 01, 1111, 00, 0000000000000001
929, 01, 1111, 00, 0000000000000001
930, 01, 1111, 00, 0000000000000011
931, 01, 1111, 00, 0000000000000001
932, 01, 1111, 00, 1111111111111110
933, 01, 1111, 00, 0000000000000010
934, 01, 1111, 00, 0000000000000000
935, 01, 1111, 00, 0000000000000001
936, 01, 1111, 00, 1111111111111111
937, 01, 1111, 00, 0000000000000010
938, 01, 1111, 00, 1111111111111111
939, 01, 1111, 00, 1111111111111111
940, 01, 1111, 00, 0000000000000001
941, 01, 1111, 00, 0000000000000011
942, 01, 1111, 00, 0000000000000000
943, 01, 1111, 00, 0000000000000000
944, 01, 1111, 00, 1111111111111111
945, 01, 1111, 00, 0000000000000000
946, 01, 1111, 00, 1111111111111111
947, 01, 1111, 00, 0000000000000001
948, 01, 1111, 00, 0000000000000010
949, 01, 1111, 00, 1111111111111111
950, 01, 1111, 00, 1111111111111111
951, 01, 1111, 00, 0000000000000001
952, 01, 1111, 00, 0000000000000000
953, 01, 1111, 00, 0000000000000001
954, 01, 1111, 00, 0000000000000010
955, 01, 1111, 00, 0000000000000010
956, 01, 1111, 00, 0000000000000100
957, 01, 1111, 00, 0000000000000001
958, 01, 1111, 00, 0000000000000010
959, 01, 1111, 00, 0000000000000010
960, 01, 1111, 00, 0000000000000010
961, 01, 1111, 00, 1111111111111111
962, 01, 1111, 00, 0000000000000001
963, 01, 1111, 00, 0000000000000001
964, 01, 1111, 00, 0000000000000000
965, 01, 1111, 00, 0000000000000001
966, 01, 1111, 00, 0000000000000001
967, 01, 1111, 00, 0000000000000010
968, 01, 1111, 00, 0000000000000010
969, 01, 1111, 00, 1111111111111111
970, 01, 1111, 00, 1111111111111110
971, 01, 1111, 00, 1111111111111110
972, 01, 1111, 00, 0000000000000010
973, 01, 1111, 00, 0000000000000010
974, 01, 1111, 00, 0000000000000000
975, 01, 1111, 00, 1111111111111101
976, 01, 1111, 00, 1111111111111101
977, 01, 1111, 00, 0000000000000000
978, 01, 1111, 00, 1111111111111111
979, 01, 1111, 00, 0000000000000001
980, 01, 1111, 00, 0000000000000010
981, 01, 1111, 00, 0000000000000011
982, 01, 1111, 00, 0000000000000001
983, 01, 1111, 00, 0000000000000010
984, 01, 1111, 00, 0000000000000001
985, 01, 1111, 00, 0000000000000001
986, 01, 1111, 00, 0000000000000000
987, 01, 1111, 00, 0000000000000000
988, 01, 1111, 00, 0000000000000000
989, 01, 1111, 00, 0000000000000000
990, 01, 1111, 00, 0000000000000000
991, 01, 1111, 00, 0000000000000000
992, 01, 1111, 00, 0000000000000010
993, 01, 1111, 00, 0000000000000010
994, 01, 1111, 00, 0000000000000010
995, 01, 1111, 00, 0000000000000001
996, 01, 1111, 00, 0000000000000000
997, 01, 1111, 00, 0000000000000001
998, 01, 1111, 00, 0000000000000010
999, 01, 1111, 00, 0000000000000001
1000, 01, 1111, 00, 0000000000000101
1001, 01, 1111, 00, 0000000000000101
1002, 01, 1111, 00, 0000000000000011
1003, 01, 1111, 00, 0000000000000100
1004, 01, 1111, 00, 0000000000000100
1005, 01, 1111, 00, 0000000000000001
1006, 01, 1111, 00, 0000000000000000
1007, 01, 1111, 00, 0000000000000000
1008, 01, 1111, 00, 1111111111111111
1009, 01, 1111, 00, 0000000000000001
1010, 01, 1111, 00, 0000000000000001
1011, 01, 1111, 00, 0000000000000001
1012, 01, 1111, 00, 0000000000000010
1013, 01, 1111, 00, 0000000000000100
1014, 01, 1111, 00, 0000000000000001
1015, 01, 1111, 00, 0000000000000011
1016, 01, 1111, 00, 0000000000000011
1017, 01, 1111, 00, 0000000000000100
1018, 01, 1111, 00, 0000000000000010
1019, 01, 1111, 00, 0000000000000000
1020, 01, 1111, 00, 0000000000000001
1021, 01, 1111, 00, 0000000000000010
1022, 01, 1111, 00, 0000000000000001
1023, 01, 1111, 00, 0000000000000000
1024, 00, 1111, 00, 1111111111111110
1025, 00, 1111, 00, 0000000000000001
1026, 00, 1111, 00, 0000000000000011
1027, 00, 1111, 00, 0000000000000011
1028, 00, 1111, 00, 0000000000000001
1029, 00, 1111, 00, 0000000000000011
1030, 00, 1111, 00, 0000000000000010
1031, 00, 1111, 00, 0000000000000001
1032, 00, 1111, 00, 1111111111111110
1033, 00, 1111, 00, 0000000000000001
1034, 00, 1111, 00, 1111111111111111
1035, 00, 1111, 00, 0000000000000000
1036, 00, 1111, 00, 0000000000000000
1037, 00, 1111, 00, 0000000000000000
1038, 00, 1111, 00, 0000000000000000
1039, 00, 1111, 00, 0000000000000001
1040, 00, 1111, 00, 1111111111111111
1041, 00, 1111, 00, 1111111111111111
1042, 00, 1111, 00, 1111111111111101
1043, 00, 1111, 00, 0000000000000001
1044, 00, 1111, 00, 1111111111111111
1045, 00, 1111, 00, 0000000000000010
1046, 00, 1111, 00, 0000000000000010
1047, 00, 1111, 00, 0000000000000010
1048, 00, 1111, 00, 0000000000000001
1049, 00, 1111, 00, 0000000000000001
1050, 00, 1111, 00, 0000000000000001
1051, 00, 1111, 00, 0000000000000010
1052, 00, 1111, 00, 0000000000000011
1053, 00, 1111, 00, 0000000000000001
1054, 00, 1111, 00, 0000000000000010
1055, 00, 1111, 00, 0000000000000000
1056, 00, 1111, 00, 0000000000000011
1057, 00, 1111, 00, 0000000000000010
1058, 00, 1111, 00, 0000000000000000
1059, 00, 1111, 00, 0000000000000011
1060, 00, 1111, 00, 0000000000000000
1061, 00, 1111, 00, 1111111111111110
1062, 00, 1111, 00, 0000000000000001
1063, 00, 1111, 00, 0000000000000010
1064, 00, 1111, 00, 0000000000000001
1065, 00, 1111, 00, 1111111111111111
1066, 00, 1111, 00, 0000000000000001
1067, 00, 1111, 00, 1111111111111100
1068, 00, 1111, 00, 1111111111111110
1069, 00, 1111, 00, 0000000000000010
1070, 00, 1111, 00, 1111111111111101
1071, 00, 1111, 00, 1111111111111111
1072, 00, 1111, 00, 0000000000000000
1073, 00, 1111, 00, 1111111111111110
1074, 00, 1111, 00, 1111111111111110
1075, 00, 1111, 00, 1111111111111110
1076, 00, 1111, 00, 0000000000000000
1077, 00, 1111, 00, 0000000000000001
1078, 00, 1111, 00, 1111111111111110
1079, 00, 1111, 00, 0000000000000011
1080, 00, 1111, 00, 0000000000000010
1081, 00, 1111, 00, 0000000000000010
1082, 00, 1111, 00, 0000000000000001
1083, 00, 1111, 00, 0000000000000001
1084, 00, 1111, 00, 0000000000000010
1085, 00, 1111, 00, 0000000000000001
1086, 00, 1111, 00, 0000000000000001
1087, 00, 1111, 00, 0000000000000001
1088, 00, 1111, 00, 0000000000000010
1089, 00, 1111, 00, 0000000000000000
1090, 00, 1111, 00, 0000000000000101
1091, 00, 1111, 00, 0000000000000001
1092, 00, 1111, 00, 0000000000000001
1093, 00, 1111, 00, 0000000000000010
1094, 00, 1111, 00, 0000000000000011
1095, 00, 1111, 00, 0000000000000001
1096, 00, 1111, 00, 0000000000000010
1097, 00, 1111, 00, 1111111111111110
1098, 00, 1111, 00, 1111111111111111
1099, 00, 1111, 00, 1111111111111111
1100, 00, 1111, 00, 1111111111111111
1101, 00, 1111, 00, 1111111111111111
1102, 00, 1111, 00, 0000000000000001
1103, 00, 1111, 00, 1111111111111111
1104, 00, 1111, 00, 0000000000000000
1105, 00, 1111, 00, 0000000000000011
1106, 00, 1111, 00, 0000000000000010
1107, 00, 1111, 00, 0000000000000000
1108, 00, 1111, 00, 1111111111111111
1109, 00, 1111, 00, 1111111111111110
1110, 00, 1111, 00, 0000000000000000
1111, 00, 1111, 00, 1111111111111111
1112, 00, 1111, 00, 0000000000000010
1113, 00, 1111, 00, 0000000000000001
1114, 00, 1111, 00, 0000000000000001
1115, 00, 1111, 00, 0000000000000011
1116, 00, 1111, 00, 0000000000000100
1117, 00, 1111, 00, 0000000000000100
1118, 00, 1111, 00, 0000000000000011
1119, 00, 1111, 00, 0000000000000010
1120, 00, 1111, 00, 0000000000000000
1121, 00, 1111, 00, 0000000000000010
1122, 00, 1111, 00, 0000000000000001
1123, 00, 1111, 00, 0000000000000001
1124, 00, 1111, 00, 0000000000000001
1125, 00, 1111, 00, 0000000000000101
1126, 00, 1111, 00, 0000000000000100
1127, 00, 1111, 00, 0000000000000011
1128, 00, 1111, 00, 0000000000000010
1129, 00, 1111, 00, 0000000000000000
1130, 00, 1111, 00, 0000000000000010
1131, 00, 1111, 00, 0000000000000010
1132, 00, 1111, 00, 0000000000000010
1133, 00, 1111, 00, 0000000000000001
1134, 00, 1111, 00, 0000000000000000
1135, 00, 1111, 00, 0000000000000000
1136, 00, 1111, 00, 0000000000000000
1137, 00, 1111, 00, 0000000000000001
1138, 00, 1111, 00, 0000000000000000
1139, 00, 1111, 00, 0000000000000000
1140, 00, 1111, 00, 0000000000000010
1141, 00, 1111, 00, 0000000000000001
1142, 00, 1111, 00, 0000000000000001
1143, 00, 1111, 00, 0000000000000000
1144, 00, 1111, 00, 1111111111111111
1145, 00, 1111, 00, 0000000000000001
1146, 00, 1111, 00, 0000000000000000
1147, 00, 1111, 00, 1111111111111110
1148, 00, 1111, 00, 0000000000000001
1149, 00, 1111, 00, 0000000000000000
1150, 00, 1111, 00, 1111111111111111
1151, 00, 1111, 00, 0000000000000001
1152, 00, 1111, 00, 0000000000000000
1153, 00, 1111, 00, 0000000000000001
1154, 00, 1111, 00, 0000000000000000
1155, 00, 1111, 00, 0000000000000010
1156, 00, 1111, 00, 0000000000000011
1157, 00, 1111, 00, 0000000000000010
1158, 00, 1111, 00, 0000000000000001
1159, 00, 1111, 00, 0000000000000001
1160, 00, 1111, 00, 0000000000000001
1161, 00, 1111, 00, 0000000000000001
1162, 00, 1111, 00, 0000000000000000
1163, 00, 1111, 00, 0000000000000000
1164, 00, 1111, 00, 1111111111111111
1165, 00, 1111, 00, 0000000000000011
1166, 00, 1111, 00, 1111111111111111
1167, 00, 1111, 00, 1111111111111111
1168, 00, 1111, 00, 0000000000000001
1169, 00, 1111, 00, 0000000000000000
1170, 00, 1111, 00, 0000000000000011
1171, 00, 1111, 00, 0000000000000011
1172, 00, 1111, 00, 0000000000000010
1173, 00, 1111, 00, 0000000000000010
1174, 00, 1111, 00, 0000000000000010
1175, 00, 1111, 00, 0000000000000000
1176, 00, 1111, 00, 0000000000000001
1177, 00, 1111, 00, 0000000000000001
1178, 00, 1111, 00, 0000000000000010
1179, 00, 1111, 00, 0000000000000001
1180, 00, 1111, 00, 0000000000000010
1181, 00, 1111, 00, 0000000000000001
1182, 00, 1111, 00, 0000000000000001
1183, 00, 1111, 00, 0000000000000000
1184, 00, 1111, 00, 0000000000000000
1185, 00, 1111, 00, 1111111111111111
1186, 00, 1111, 00, 0000000000000010
1187, 00, 1111, 00, 0000000000000001
1188, 00, 1111, 00, 0000000000000000
1189, 00, 1111, 00, 1111111111111111
1190, 00, 1111, 00, 1111111111111110
1191, 00, 1111, 00, 1111111111111110
1192, 00, 1111, 00, 0000000000000010
1193, 00, 1111, 00, 0000000000000001
1194, 00, 1111, 00, 0000000000000100
1195, 00, 1111, 00, 0000000000000010
1196, 00, 1111, 00, 0000000000000001
1197, 00, 1111, 00, 0000000000000011
1198, 00, 1111, 00, 0000000000000000
1199, 00, 1111, 00, 0000000000000000
1200, 00, 1111, 00, 0000000000000000
1201, 00, 1111, 00, 1111111111111110
1202, 00, 1111, 00, 0000000000000001
1203, 00, 1111, 00, 0000000000000001
1204, 00, 1111, 00, 0000000000000001
1205, 00, 1111, 00, 0000000000000001
1206, 00, 1111, 00, 0000000000000011
1207, 00, 1111, 00, 0000000000000001
1208, 00, 1111, 00, 1111111111111111
1209, 00, 1111, 00, 1111111111111111
1210, 00, 1111, 00, 0000000000000000
1211, 00, 1111, 00, 1111111111111111
1212, 00, 1111, 00, 0000000000000001
1213, 00, 1111, 00, 0000000000000010
1214, 00, 1111, 00, 0000000000000010
1215, 00, 1111, 00, 0000000000000001
1216, 00, 1111, 00, 0000000000000001
1217, 00, 1111, 00, 0000000000000001
1218, 00, 1111, 00, 0000000000000000
1219, 00, 1111, 00, 0000000000000001
1220, 00, 1111, 00, 0000000000000000
1221, 00, 1111, 00, 1111111111111110
1222, 00, 1111, 00, 0000000000000001
1223, 00, 1111, 00, 0000000000000001
1224, 00, 1111, 00, 0000000000000000
1225, 00, 1111, 00, 0000000000000000
1226, 00, 1111, 00, 1111111111111110
1227, 00, 1111, 00, 1111111111111010
1228, 00, 1111, 00, 1111111111111101
1229, 00, 1111, 00, 1111111111111111
1230, 00, 1111, 00, 0000000000000000
1231, 00, 1111, 00, 0000000000000001
1232, 00, 1111, 00, 0000000000000010
1233, 00, 1111, 00, 0000000000000010
1234, 00, 1111, 00, 0000000000000010
1235, 00, 1111, 00, 0000000000000011
1236, 00, 1111, 00, 0000000000000001
1237, 00, 1111, 00, 0000000000000001
1238, 00, 1111, 00, 0000000000000000
1239, 00, 1111, 00, 0000000000000000
1240, 00, 1111, 00, 1111111111111111
1241, 00, 1111, 00, 0000000000000001
1242, 00, 1111, 00, 1111111111111111
1243, 00, 1111, 00, 1111111111111111
1244, 00, 1111, 00, 0000000000000000
1245, 00, 1111, 00, 0000000000000000
1246, 00, 1111, 00, 0000000000000010
1247, 00, 1111, 00, 0000000000000001
1248, 00, 1111, 00, 0000000000000001
1249, 00, 1111, 00, 1111111111111111
1250, 00, 1111, 00, 0000000000000001
1251, 00, 1111, 00, 0000000000000000
1252, 00, 1111, 00, 0000000000000010
1253, 00, 1111, 00, 0000000000000001
1254, 00, 1111, 00, 0000000000000000
1255, 00, 1111, 00, 1111111111111110
1256, 00, 1111, 00, 0000000000000000
1257, 00, 1111, 00, 0000000000000001
1258, 00, 1111, 00, 0000000000000000
1259, 00, 1111, 00, 1111111111111110
1260, 00, 1111, 00, 1111111111111111
1261, 00, 1111, 00, 0000000000000000
1262, 00, 1111, 00, 1111111111111111
1263, 00, 1111, 00, 0000000000000011
1264, 00, 1111, 00, 0000000000000001
1265, 00, 1111, 00, 0000000000000010
1266, 00, 1111, 00, 0000000000000001
1267, 00, 1111, 00, 0000000000000001
1268, 00, 1111, 00, 0000000000000000
1269, 00, 1111, 00, 0000000000000000
1270, 00, 1111, 00, 0000000000000001
1271, 00, 1111, 00, 0000000000000001
1272, 00, 1111, 00, 1111111111111111
1273, 00, 1111, 00, 0000000000000000
1274, 00, 1111, 00, 1111111111111111
1275, 00, 1111, 00, 0000000000000000
1276, 00, 1111, 00, 0000000000000011
1277, 00, 1111, 00, 1111111111111111
1278, 00, 1111, 00, 0000000000000001
1279, 00, 1111, 00, 1111111111111110
1280, 00, 1111, 00, 1111111111111110
1281, 00, 1111, 00, 0000000000000001
1282, 00, 1111, 00, 0000000000000100
1283, 00, 1111, 00, 0000000000000011
1284, 00, 1111, 00, 0000000000000011
1285, 00, 1111, 00, 0000000000000010
1286, 00, 1111, 00, 0000000000000000
1287, 00, 1111, 00, 0000000000000010
1288, 00, 1111, 00, 0000000000000010
1289, 00, 1111, 00, 0000000000000011
1290, 00, 1111, 00, 0000000000000001
1291, 00, 1111, 00, 0000000000000000
1292, 00, 1111, 00, 0000000000000000
1293, 00, 1111, 00, 0000000000000001
1294, 00, 1111, 00, 0000000000000001
1295, 00, 1111, 00, 0000000000000010
1296, 00, 1111, 00, 1111111111111101
1297, 00, 1111, 00, 1111111111111110
1298, 00, 1111, 00, 1111111111111100
1299, 00, 1111, 00, 1111111111111110
1300, 00, 1111, 00, 0000000000000000
1301, 00, 1111, 00, 0000000000000010
1302, 00, 1111, 00, 0000000000000011
1303, 00, 1111, 00, 1111111111111111
1304, 00, 1111, 00, 1111111111111110
1305, 00, 1111, 00, 1111111111111101
1306, 00, 1111, 00, 0000000000000000
1307, 00, 1111, 00, 0000000000000100
1308, 00, 1111, 00, 0000000000000000
1309, 00, 1111, 00, 0000000000000000
1310, 00, 1111, 00, 0000000000000001
1311, 00, 1111, 00, 0000000000000010
1312, 00, 1111, 00, 0000000000000001
1313, 00, 1111, 00, 1111111111111100
1314, 00, 1111, 00, 1111111111111111
1315, 00, 1111, 00, 1111111111111110
1316, 00, 1111, 00, 0000000000000000
1317, 00, 1111, 00, 0000000000000001
1318, 00, 1111, 00, 0000000000000000
1319, 00, 1111, 00, 1111111111111110
1320, 00, 1111, 00, 0000000000000000
1321, 00, 1111, 00, 0000000000000010
1322, 00, 1111, 00, 1111111111111110
1323, 00, 1111, 00, 0000000000000010
1324, 00, 1111, 00, 0000000000000000
1325, 00, 1111, 00, 1111111111111110
1326, 00, 1111, 00, 0000000000000010
1327, 00, 1111, 00, 0000000000000001
1328, 00, 1111, 00, 0000000000000001
1329, 00, 1111, 00, 1111111111111111
1330, 00, 1111, 00, 0000000000000001
1331, 00, 1111, 00, 0000000000000001
1332, 00, 1111, 00, 0000000000000000
1333, 00, 1111, 00, 0000000000000001
1334, 00, 1111, 00, 0000000000000011
1335, 00, 1111, 00, 0000000000000010
1336, 00, 1111, 00, 0000000000000011
1337, 00, 1111, 00, 0000000000000001
1338, 00, 1111, 00, 0000000000000000
1339, 00, 1111, 00, 0000000000000100
1340, 00, 1111, 00, 1111111111111111
1341, 00, 1111, 00, 0000000000000000
1342, 00, 1111, 00, 0000000000000000
1343, 00, 1111, 00, 0000000000000010
1344, 00, 1111, 00, 1111111111111110
1345, 00, 1111, 00, 1111111111111110
1346, 00, 1111, 00, 1111111111111111
1347, 00, 1111, 00, 0000000000000100
1348, 00, 1111, 00, 0000000000000010
1349, 00, 1111, 00, 0000000000000010
1350, 00, 1111, 00, 1111111111111111
1351, 00, 1111, 00, 0000000000000001
1352, 00, 1111, 00, 0000000000000010
1353, 00, 1111, 00, 0000000000000000
1354, 00, 1111, 00, 0000000000000000
1355, 00, 1111, 00, 1111111111111111
1356, 00, 1111, 00, 0000000000000001
1357, 00, 1111, 00, 0000000000000001
1358, 00, 1111, 00, 0000000000000011
1359, 00, 1111, 00, 0000000000000011
1360, 00, 1111, 00, 0000000000000011
1361, 00, 1111, 00, 0000000000000011
1362, 00, 1111, 00, 0000000000000001
1363, 00, 1111, 00, 0000000000000001
1364, 00, 1111, 00, 0000000000000011
1365, 00, 1111, 00, 1111111111111111
1366, 00, 1111, 00, 0000000000000000
1367, 00, 1111, 00, 0000000000000001
1368, 00, 1111, 00, 0000000000000001
1369, 00, 1111, 00, 0000000000000011
1370, 00, 1111, 00, 0000000000000011
1371, 00, 1111, 00, 0000000000000010
1372, 00, 1111, 00, 0000000000000011
1373, 00, 1111, 00, 0000000000000000
1374, 00, 1111, 00, 1111111111111110
1375, 00, 1111, 00, 1111111111111110
1376, 00, 1111, 00, 1111111111111111
1377, 00, 1111, 00, 0000000000000000
1378, 00, 1111, 00, 0000000000000000
1379, 00, 1111, 00, 0000000000000001
1380, 00, 1111, 00, 0000000000000000
1381, 00, 1111, 00, 0000000000000001
1382, 00, 1111, 00, 0000000000000001
1383, 00, 1111, 00, 0000000000000001
1384, 00, 1111, 00, 1111111111111100
1385, 00, 1111, 00, 1111111111111110
1386, 00, 1111, 00, 0000000000000001
1387, 00, 1111, 00, 0000000000000010
1388, 00, 1111, 00, 0000000000000001
1389, 00, 1111, 00, 0000000000000000
1390, 00, 1111, 00, 0000000000000001
1391, 00, 1111, 00, 0000000000000000
1392, 00, 1111, 00, 0000000000000010
1393, 00, 1111, 00, 0000000000000010
1394, 00, 1111, 00, 0000000000000011
1395, 00, 1111, 00, 0000000000000001
1396, 00, 1111, 00, 1111111111111111
1397, 00, 1111, 00, 1111111111111110
1398, 00, 1111, 00, 1111111111111111
1399, 00, 1111, 00, 1111111111111101
1400, 00, 1111, 00, 1111111111111110
1401, 00, 1111, 00, 1111111111111111
1402, 00, 1111, 00, 1111111111111111
1403, 00, 1111, 00, 1111111111111111
1404, 00, 1111, 00, 1111111111111110
1405, 00, 1111, 00, 0000000000000001
1406, 00, 1111, 00, 0000000000000000
1407, 00, 1111, 00, 1111111111111111
1408, 00, 1111, 00, 0000000000000001
1409, 00, 1111, 00, 0000000000000001
1410, 00, 1111, 00, 1111111111111110
1411, 00, 1111, 00, 0000000000000010
1412, 00, 1111, 00, 1111111111111111
1413, 00, 1111, 00, 1111111111111111
1414, 00, 1111, 00, 1111111111111110
1415, 00, 1111, 00, 1111111111111110
1416, 00, 1111, 00, 1111111111111110
1417, 00, 1111, 00, 1111111111111110
1418, 00, 1111, 00, 1111111111111110
1419, 00, 1111, 00, 0000000000000001
1420, 00, 1111, 00, 0000000000000000
1421, 00, 1111, 00, 0000000000000010
1422, 00, 1111, 00, 0000000000000001
1423, 00, 1111, 00, 0000000000000000
1424, 00, 1111, 00, 0000000000000001
1425, 00, 1111, 00, 0000000000000001
1426, 00, 1111, 00, 0000000000000000
1427, 00, 1111, 00, 0000000000000001
1428, 00, 1111, 00, 0000000000000001
1429, 00, 1111, 00, 0000000000000000
1430, 00, 1111, 00, 1111111111111110
1431, 00, 1111, 00, 1111111111111111
1432, 00, 1111, 00, 0000000000000000
1433, 00, 1111, 00, 0000000000000010
1434, 00, 1111, 00, 0000000000000000
1435, 00, 1111, 00, 0000000000000000
1436, 00, 1111, 00, 1111111111111110
1437, 00, 1111, 00, 1111111111111111
1438, 00, 1111, 00, 1111111111111110
1439, 00, 1111, 00, 1111111111111111
1440, 00, 1111, 00, 1111111111111111
1441, 00, 1111, 00, 1111111111111111
1442, 00, 1111, 00, 1111111111111110
1443, 00, 1111, 00, 0000000000000000
1444, 00, 1111, 00, 0000000000000001
1445, 00, 1111, 00, 0000000000000000
1446, 00, 1111, 00, 1111111111111111
1447, 00, 1111, 00, 1111111111111101
1448, 00, 1111, 00, 1111111111111111
1449, 00, 1111, 00, 0000000000000000
1450, 00, 1111, 00, 1111111111111111
1451, 00, 1111, 00, 1111111111111111
1452, 00, 1111, 00, 0000000000000000
1453, 00, 1111, 00, 0000000000000000
1454, 00, 1111, 00, 0000000000000001
1455, 00, 1111, 00, 0000000000000001
1456, 00, 1111, 00, 0000000000000001
1457, 00, 1111, 00, 0000000000000000
1458, 00, 1111, 00, 0000000000000000
1459, 00, 1111, 00, 0000000000000001
1460, 00, 1111, 00, 0000000000000010
1461, 00, 1111, 00, 0000000000000001
1462, 00, 1111, 00, 0000000000000010
1463, 00, 1111, 00, 0000000000000000
1464, 00, 1111, 00, 0000000000000001
1465, 00, 1111, 00, 0000000000000010
1466, 00, 1111, 00, 0000000000000011
1467, 00, 1111, 00, 0000000000000000
1468, 00, 1111, 00, 0000000000000010
1469, 00, 1111, 00, 0000000000000001
1470, 00, 1111, 00, 1111111111111110
1471, 00, 1111, 00, 0000000000000000
1472, 00, 1111, 00, 0000000000000011
1473, 00, 1111, 00, 0000000000000011
1474, 00, 1111, 00, 0000000000000001
1475, 00, 1111, 00, 0000000000000001
1476, 00, 1111, 00, 0000000000000001
1477, 00, 1111, 00, 1111111111111110
1478, 00, 1111, 00, 1111111111111110
1479, 00, 1111, 00, 0000000000000000
1480, 00, 1111, 00, 1111111111111110
1481, 00, 1111, 00, 1111111111111110
1482, 00, 1111, 00, 0000000000000000
1483, 00, 1111, 00, 0000000000000001
1484, 00, 1111, 00, 1111111111111110
1485, 00, 1111, 00, 0000000000000000
1486, 00, 1111, 00, 0000000000000001
1487, 00, 1111, 00, 0000000000000010
1488, 00, 1111, 00, 0000000000000011
1489, 00, 1111, 00, 0000000000000001
1490, 00, 1111, 00, 0000000000000000
1491, 00, 1111, 00, 0000000000000011
1492, 00, 1111, 00, 0000000000000100
1493, 00, 1111, 00, 0000000000000001
1494, 00, 1111, 00, 1111111111111111
1495, 00, 1111, 00, 0000000000000011
1496, 00, 1111, 00, 0000000000000000
1497, 00, 1111, 00, 0000000000000001
1498, 00, 1111, 00, 0000000000000001
1499, 00, 1111, 00, 0000000000000011
1500, 00, 1111, 00, 0000000000000011
1501, 00, 1111, 00, 0000000000000000
1502, 00, 1111, 00, 0000000000000000
1503, 00, 1111, 00, 1111111111111111
1504, 00, 1111, 00, 1111111111111110
1505, 00, 1111, 00, 0000000000000000
1506, 00, 1111, 00, 1111111111111111
1507, 00, 1111, 00, 0000000000000001
1508, 00, 1111, 00, 0000000000000000
1509, 00, 1111, 00, 1111111111111111
1510, 00, 1111, 00, 1111111111111111
1511, 00, 1111, 00, 0000000000000001
1512, 00, 1111, 00, 1111111111111111
1513, 00, 1111, 00, 1111111111111111
1514, 00, 1111, 00, 1111111111111110
1515, 00, 1111, 00, 1111111111111110
1516, 00, 1111, 00, 0000000000000001
1517, 00, 1111, 00, 0000000000000001
1518, 00, 1111, 00, 1111111111111111
1519, 00, 1111, 00, 1111111111111110
1520, 00, 1111, 00, 0000000000000001
1521, 00, 1111, 00, 0000000000000001
1522, 00, 1111, 00, 0000000000000000
1523, 00, 1111, 00, 0000000000000001
1524, 00, 1111, 00, 0000000000000000
1525, 00, 1111, 00, 0000000000000001
1526, 00, 1111, 00, 0000000000000011
1527, 00, 1111, 00, 0000000000000000
1528, 00, 1111, 00, 0000000000000000
1529, 00, 1111, 00, 0000000000000010
1530, 00, 1111, 00, 1111111111111111
1531, 00, 1111, 00, 1111111111111111
1532, 00, 1111, 00, 0000000000000011
1533, 00, 1111, 00, 0000000000000001
1534, 00, 1111, 00, 1111111111111110
1535, 00, 1111, 00, 0000000000000000
1536, 10, 1111, 00, 1111111111111011
1537, 10, 1111, 00, 1111111111111101
1538, 10, 1111, 00, 1111111111111111
1539, 10, 1111, 00, 0000000000000011
1540, 10, 1111, 00, 0000000000000001
1541, 10, 1111, 00, 0000000000000011
1542, 10, 1111, 00, 0000000000000000
1543, 10, 1111, 00, 1111111111111111
1544, 10, 1111, 00, 0000000000000000
1545, 10, 1111, 00, 0000000000000010
1546, 10, 1111, 00, 0000000000000001
1547, 10, 1111, 00, 0000000000000000
1548, 10, 1111, 00, 0000000000000000
1549, 10, 1111, 00, 0000000000000010
1550, 10, 1111, 00, 0000000000000010
1551, 10, 1111, 00, 0000000000000010
1552, 10, 1111, 00, 0000000000000001
1553, 10, 1111, 00, 0000000000000001
1554, 10, 1111, 00, 0000000000000000
1555, 10, 1111, 00, 0000000000000001
1556, 10, 1111, 00, 0000000000000010
1557, 10, 1111, 00, 0000000000000001
1558, 10, 1111, 00, 0000000000000000
1559, 10, 1111, 00, 1111111111111110
1560, 10, 1111, 00, 0000000000000001
1561, 10, 1111, 00, 1111111111111110
1562, 10, 1111, 00, 1111111111111101
1563, 10, 1111, 00, 1111111111111111
1564, 10, 1111, 00, 0000000000000010
1565, 10, 1111, 00, 0000000000000010
1566, 10, 1111, 00, 0000000000000001
1567, 10, 1111, 00, 1111111111111111
1568, 10, 1111, 00, 1111111111111101
1569, 10, 1111, 00, 0000000000000000
1570, 10, 1111, 00, 0000000000000000
1571, 10, 1111, 00, 0000000000000000
1572, 10, 1111, 00, 0000000000000000
1573, 10, 1111, 00, 0000000000000001
1574, 10, 1111, 00, 0000000000000001
1575, 10, 1111, 00, 0000000000000001
1576, 10, 1111, 00, 0000000000000000
1577, 10, 1111, 00, 0000000000000000
1578, 10, 1111, 00, 0000000000000010
1579, 10, 1111, 00, 0000000000000001
1580, 10, 1111, 00, 0000000000000001
1581, 10, 1111, 00, 0000000000000000
1582, 10, 1111, 00, 1111111111111110
1583, 10, 1111, 00, 1111111111111111
1584, 10, 1111, 00, 0000000000000001
1585, 10, 1111, 00, 0000000000000001
1586, 10, 1111, 00, 0000000000000001
1587, 10, 1111, 00, 1111111111111101
1588, 10, 1111, 00, 1111111111111101
1589, 10, 1111, 00, 1111111111111111
1590, 10, 1111, 00, 1111111111111110
1591, 10, 1111, 00, 1111111111111101
1592, 10, 1111, 00, 1111111111111111
1593, 10, 1111, 00, 1111111111111110
1594, 10, 1111, 00, 1111111111111111
1595, 10, 1111, 00, 1111111111111111
1596, 10, 1111, 00, 0000000000000000
1597, 10, 1111, 00, 0000000000000011
1598, 10, 1111, 00, 0000000000000011
1599, 10, 1111, 00, 0000000000000010
1600, 10, 1111, 00, 0000000000000010
1601, 10, 1111, 00, 0000000000000000
1602, 10, 1111, 00, 1111111111111111
1603, 10, 1111, 00, 0000000000000000
1604, 10, 1111, 00, 1111111111111111
1605, 10, 1111, 00, 1111111111111111
1606, 10, 1111, 00, 0000000000000001
1607, 10, 1111, 00, 0000000000000010
1608, 10, 1111, 00, 0000000000000010
1609, 10, 1111, 00, 0000000000000000
1610, 10, 1111, 00, 1111111111111110
1611, 10, 1111, 00, 1111111111111111
1612, 10, 1111, 00, 0000000000000001
1613, 10, 1111, 00, 1111111111111110
1614, 10, 1111, 00, 0000000000000001
1615, 10, 1111, 00, 0000000000000010
1616, 10, 1111, 00, 0000000000000001
1617, 10, 1111, 00, 1111111111111111
1618, 10, 1111, 00, 1111111111111110
1619, 10, 1111, 00, 0000000000000000
1620, 10, 1111, 00, 1111111111111111
1621, 10, 1111, 00, 1111111111111110
1622, 10, 1111, 00, 1111111111111110
1623, 10, 1111, 00, 0000000000000011
1624, 10, 1111, 00, 0000000000000001
1625, 10, 1111, 00, 0000000000000010
1626, 10, 1111, 00, 0000000000000001
1627, 10, 1111, 00, 0000000000000000
1628, 10, 1111, 00, 1111111111111111
1629, 10, 1111, 00, 1111111111111110
1630, 10, 1111, 00, 0000000000000000
1631, 10, 1111, 00, 0000000000000000
1632, 10, 1111, 00, 0000000000000011
1633, 10, 1111, 00, 0000000000000010
1634, 10, 1111, 00, 0000000000000011
1635, 10, 1111, 00, 0000000000000010
1636, 10, 1111, 00, 0000000000000011
1637, 10, 1111, 00, 0000000000000010
1638, 10, 1111, 00, 0000000000000000
1639, 10, 1111, 00, 0000000000000001
1640, 10, 1111, 00, 0000000000000010
1641, 10, 1111, 00, 0000000000000010
1642, 10, 1111, 00, 0000000000000010
1643, 10, 1111, 00, 0000000000000100
1644, 10, 1111, 00, 0000000000000001
1645, 10, 1111, 00, 0000000000000100
1646, 10, 1111, 00, 0000000000000001
1647, 10, 1111, 00, 0000000000000011
1648, 10, 1111, 00, 0000000000000000
1649, 10, 1111, 00, 0000000000000011
1650, 10, 1111, 00, 0000000000000101
1651, 10, 1111, 00, 0000000000000001
1652, 10, 1111, 00, 0000000000000011
1653, 10, 1111, 00, 0000000000000011
1654, 10, 1111, 00, 0000000000000010
1655, 10, 1111, 00, 0000000000000010
1656, 10, 1111, 00, 0000000000000010
1657, 10, 1111, 00, 0000000000000011
1658, 10, 1111, 00, 0000000000000001
1659, 10, 1111, 00, 0000000000000001
1660, 10, 1111, 00, 1111111111111110
1661, 10, 1111, 00, 0000000000000011
1662, 10, 1111, 00, 0000000000000100
1663, 10, 1111, 00, 0000000000000011
1664, 10, 1111, 00, 0000000000000010
1665, 10, 1111, 00, 0000000000000010
1666, 10, 1111, 00, 0000000000000001
1667, 10, 1111, 00, 0000000000000010
1668, 10, 1111, 00, 0000000000000001
1669, 10, 1111, 00, 0000000000000000
1670, 10, 1111, 00, 0000000000000000
1671, 10, 1111, 00, 0000000000000000
1672, 10, 1111, 00, 0000000000000000
1673, 10, 1111, 00, 1111111111111111
1674, 10, 1111, 00, 1111111111111111
1675, 10, 1111, 00, 0000000000000001
1676, 10, 1111, 00, 0000000000000000
1677, 10, 1111, 00, 1111111111111111
1678, 10, 1111, 00, 1111111111111111
1679, 10, 1111, 00, 1111111111111110
1680, 10, 1111, 00, 1111111111111110
1681, 10, 1111, 00, 1111111111111111
1682, 10, 1111, 00, 0000000000000010
1683, 10, 1111, 00, 0000000000000000
1684, 10, 1111, 00, 0000000000000010
1685, 10, 1111, 00, 0000000000000010
1686, 10, 1111, 00, 0000000000000100
1687, 10, 1111, 00, 0000000000000010
1688, 10, 1111, 00, 0000000000000001
1689, 10, 1111, 00, 0000000000000001
1690, 10, 1111, 00, 0000000000000011
1691, 10, 1111, 00, 0000000000000001
1692, 10, 1111, 00, 1111111111111111
1693, 10, 1111, 00, 0000000000000000
1694, 10, 1111, 00, 1111111111111111
1695, 10, 1111, 00, 0000000000000001
1696, 10, 1111, 00, 0000000000000001
1697, 10, 1111, 00, 0000000000000000
1698, 10, 1111, 00, 1111111111111111
1699, 10, 1111, 00, 1111111111111111
1700, 10, 1111, 00, 0000000000000001
1701, 10, 1111, 00, 0000000000000011
1702, 10, 1111, 00, 0000000000000100
1703, 10, 1111, 00, 0000000000000010
1704, 10, 1111, 00, 0000000000000001
1705, 10, 1111, 00, 0000000000000001
1706, 10, 1111, 00, 0000000000000000
1707, 10, 1111, 00, 1111111111111110
1708, 10, 1111, 00, 1111111111111111
1709, 10, 1111, 00, 0000000000000000
1710, 10, 1111, 00, 1111111111111111
1711, 10, 1111, 00, 0000000000000000
1712, 10, 1111, 00, 0000000000000000
1713, 10, 1111, 00, 1111111111111110
1714, 10, 1111, 00, 1111111111111110
1715, 10, 1111, 00, 1111111111111110
1716, 10, 1111, 00, 0000000000000000
1717, 10, 1111, 00, 1111111111111111
1718, 10, 1111, 00, 0000000000000000
1719, 10, 1111, 00, 1111111111111110
1720, 10, 1111, 00, 1111111111111111
1721, 10, 1111, 00, 1111111111111111
1722, 10, 1111, 00, 1111111111111110
1723, 10, 1111, 00, 0000000000000000
1724, 10, 1111, 00, 0000000000000001
1725, 10, 1111, 00, 0000000000000001
1726, 10, 1111, 00, 0000000000000000
1727, 10, 1111, 00, 0000000000000000
1728, 10, 1111, 00, 0000000000000001
1729, 10, 1111, 00, 0000000000000010
1730, 10, 1111, 00, 0000000000000100
1731, 10, 1111, 00, 0000000000000101
1732, 10, 1111, 00, 0000000000000010
1733, 10, 1111, 00, 0000000000000010
1734, 10, 1111, 00, 0000000000000001
1735, 10, 1111, 00, 0000000000000010
1736, 10, 1111, 00, 0000000000000011
1737, 10, 1111, 00, 0000000000000010
1738, 10, 1111, 00, 0000000000000001
1739, 10, 1111, 00, 0000000000000000
1740, 10, 1111, 00, 0000000000000010
1741, 10, 1111, 00, 0000000000000010
1742, 10, 1111, 00, 0000000000000000
1743, 10, 1111, 00, 1111111111111111
1744, 10, 1111, 00, 1111111111111110
1745, 10, 1111, 00, 0000000000000000
1746, 10, 1111, 00, 1111111111111111
1747, 10, 1111, 00, 0000000000000000
1748, 10, 1111, 00, 1111111111111111
1749, 10, 1111, 00, 0000000000000000
1750, 10, 1111, 00, 1111111111111111
1751, 10, 1111, 00, 0000000000000001
1752, 10, 1111, 00, 0000000000000000
1753, 10, 1111, 00, 0000000000000000
1754, 10, 1111, 00, 0000000000000000
1755, 10, 1111, 00, 0000000000000001
1756, 10, 1111, 00, 0000000000000011
1757, 10, 1111, 00, 0000000000000010
1758, 10, 1111, 00, 0000000000000011
1759, 10, 1111, 00, 0000000000000101
1760, 10, 1111, 00, 0000000000000000
1761, 10, 1111, 00, 0000000000000010
1762, 10, 1111, 00, 0000000000000001
1763, 10, 1111, 00, 0000000000000010
1764, 10, 1111, 00, 0000000000000001
1765, 10, 1111, 00, 0000000000000000
1766, 10, 1111, 00, 1111111111111111
1767, 10, 1111, 00, 0000000000000011
1768, 10, 1111, 00, 0000000000000001
1769, 10, 1111, 00, 0000000000000001
1770, 10, 1111, 00, 0000000000000010
1771, 10, 1111, 00, 0000000000000010
1772, 10, 1111, 00, 0000000000000001
1773, 10, 1111, 00, 0000000000000011
1774, 10, 1111, 00, 0000000000000010
1775, 10, 1111, 00, 0000000000000001
1776, 10, 1111, 00, 1111111111111110
1777, 10, 1111, 00, 0000000000000001
1778, 10, 1111, 00, 0000000000000001
1779, 10, 1111, 00, 0000000000000011
1780, 10, 1111, 00, 0000000000000001
1781, 10, 1111, 00, 0000000000000010
1782, 10, 1111, 00, 0000000000000100
1783, 10, 1111, 00, 0000000000000010
1784, 10, 1111, 00, 0000000000000001
1785, 10, 1111, 00, 0000000000000010
1786, 10, 1111, 00, 0000000000000100
1787, 10, 1111, 00, 0000000000000011
1788, 10, 1111, 00, 0000000000000001
1789, 10, 1111, 00, 0000000000000000
1790, 10, 1111, 00, 0000000000000000
1791, 10, 1111, 00, 0000000000000011
1792, 10, 1111, 00, 0000000000000011
1793, 10, 1111, 00, 0000000000000000
1794, 10, 1111, 00, 0000000000000000
1795, 10, 1111, 00, 1111111111111111
1796, 10, 1111, 00, 1111111111111110
1797, 10, 1111, 00, 0000000000000000
1798, 10, 1111, 00, 0000000000000000
1799, 10, 1111, 00, 0000000000000000
1800, 10, 1111, 00, 1111111111111111
1801, 10, 1111, 00, 0000000000000000
1802, 10, 1111, 00, 0000000000000001
1803, 10, 1111, 00, 1111111111111111
1804, 10, 1111, 00, 0000000000000011
1805, 10, 1111, 00, 0000000000000010
1806, 10, 1111, 00, 0000000000000001
1807, 10, 1111, 00, 0000000000000011
1808, 10, 1111, 00, 0000000000000100
1809, 10, 1111, 00, 0000000000000011
1810, 10, 1111, 00, 1111111111111111
1811, 10, 1111, 00, 0000000000000000
1812, 10, 1111, 00, 0000000000000001
1813, 10, 1111, 00, 0000000000000010
1814, 10, 1111, 00, 0000000000000000
1815, 10, 1111, 00, 0000000000000001
1816, 10, 1111, 00, 0000000000000000
1817, 10, 1111, 00, 1111111111111111
1818, 10, 1111, 00, 0000000000000010
1819, 10, 1111, 00, 0000000000000010
1820, 10, 1111, 00, 0000000000000000
1821, 10, 1111, 00, 0000000000000011
1822, 10, 1111, 00, 0000000000000001
1823, 10, 1111, 00, 0000000000000001
1824, 10, 1111, 00, 0000000000000010
1825, 10, 1111, 00, 0000000000000100
1826, 10, 1111, 00, 0000000000000010
1827, 10, 1111, 00, 0000000000000001
1828, 10, 1111, 00, 0000000000000010
1829, 10, 1111, 00, 0000000000000010
1830, 10, 1111, 00, 0000000000000010
1831, 10, 1111, 00, 0000000000000010
1832, 10, 1111, 00, 0000000000000010
1833, 10, 1111, 00, 0000000000000101
1834, 10, 1111, 00, 0000000000000010
1835, 10, 1111, 00, 0000000000000010
1836, 10, 1111, 00, 0000000000000010
1837, 10, 1111, 00, 0000000000000011
1838, 10, 1111, 00, 0000000000000010
1839, 10, 1111, 00, 0000000000000011
1840, 10, 1111, 00, 0000000000000010
1841, 10, 1111, 00, 0000000000000011
1842, 10, 1111, 00, 0000000000000010
1843, 10, 1111, 00, 0000000000000010
1844, 10, 1111, 00, 1111111111111110
1845, 10, 1111, 00, 1111111111111101
1846, 10, 1111, 00, 1111111111111110
1847, 10, 1111, 00, 0000000000000000
1848, 10, 1111, 00, 0000000000000001
1849, 10, 1111, 00, 0000000000000010
1850, 10, 1111, 00, 0000000000000100
1851, 10, 1111, 00, 0000000000000010
1852, 10, 1111, 00, 0000000000000011
1853, 10, 1111, 00, 1111111111111101
1854, 10, 1111, 00, 1111111111111101
1855, 10, 1111, 00, 1111111111111110
1856, 10, 1111, 00, 1111111111111110
1857, 10, 1111, 00, 1111111111111111
1858, 10, 1111, 00, 0000000000000000
1859, 10, 1111, 00, 1111111111111111
1860, 10, 1111, 00, 1111111111111111
1861, 10, 1111, 00, 0000000000000000
1862, 10, 1111, 00, 0000000000000000
1863, 10, 1111, 00, 0000000000000000
1864, 10, 1111, 00, 0000000000000010
1865, 10, 1111, 00, 0000000000000000
1866, 10, 1111, 00, 0000000000000010
1867, 10, 1111, 00, 0000000000000000
1868, 10, 1111, 00, 0000000000000010
1869, 10, 1111, 00, 0000000000000010
1870, 10, 1111, 00, 0000000000000010
1871, 10, 1111, 00, 0000000000000001
1872, 10, 1111, 00, 1111111111111111
1873, 10, 1111, 00, 1111111111111101
1874, 10, 1111, 00, 0000000000000001
1875, 10, 1111, 00, 0000000000000011
1876, 10, 1111, 00, 0000000000000011
1877, 10, 1111, 00, 0000000000000010
1878, 10, 1111, 00, 0000000000000000
1879, 10, 1111, 00, 0000000000000001
1880, 10, 1111, 00, 0000000000000000
1881, 10, 1111, 00, 0000000000000001
1882, 10, 1111, 00, 0000000000000000
1883, 10, 1111, 00, 0000000000000010
1884, 10, 1111, 00, 0000000000000001
1885, 10, 1111, 00, 0000000000000001
1886, 10, 1111, 00, 1111111111111110
1887, 10, 1111, 00, 0000000000000001
1888, 10, 1111, 00, 1111111111111111
1889, 10, 1111, 00, 0000000000000001
1890, 10, 1111, 00, 0000000000000001
1891, 10, 1111, 00, 1111111111111111
1892, 10, 1111, 00, 0000000000000000
1893, 10, 1111, 00, 1111111111111111
1894, 10, 1111, 00, 0000000000000000
1895, 10, 1111, 00, 0000000000000010
1896, 10, 1111, 00, 1111111111111111
1897, 10, 1111, 00, 1111111111111110
1898, 10, 1111, 00, 0000000000000000
1899, 10, 1111, 00, 0000000000000010
1900, 10, 1111, 00, 1111111111111111
1901, 10, 1111, 00, 0000000000000001
1902, 10, 1111, 00, 1111111111111111
1903, 10, 1111, 00, 1111111111111101
1904, 10, 1111, 00, 1111111111111110
1905, 10, 1111, 00, 0000000000000010
1906, 10, 1111, 00, 0000000000000000
1907, 10, 1111, 00, 0000000000000001
1908, 10, 1111, 00, 0000000000000001
1909, 10, 1111, 00, 0000000000000011
1910, 10, 1111, 00, 0000000000000010
1911, 10, 1111, 00, 0000000000000000
1912, 10, 1111, 00, 0000000000000011
1913, 10, 1111, 00, 1111111111111111
1914, 10, 1111, 00, 1111111111111111
1915, 10, 1111, 00, 0000000000000000
1916, 10, 1111, 00, 1111111111111111
1917, 10, 1111, 00, 1111111111111100
1918, 10, 1111, 00, 1111111111111110
1919, 10, 1111, 00, 0000000000000001
1920, 10, 1111, 00, 0000000000000001
1921, 10, 1111, 00, 0000000000000000
1922, 10, 1111, 00, 0000000000000001
1923, 10, 1111, 00, 0000000000000000
1924, 10, 1111, 00, 0000000000000010
1925, 10, 1111, 00, 1111111111111110
1926, 10, 1111, 00, 1111111111111101
1927, 10, 1111, 00, 1111111111111111
1928, 10, 1111, 00, 1111111111111111
1929, 10, 1111, 00, 0000000000000001
1930, 10, 1111, 00, 0000000000000000
1931, 10, 1111, 00, 1111111111111111
1932, 10, 1111, 00, 1111111111111110
1933, 10, 1111, 00, 1111111111111101
1934, 10, 1111, 00, 1111111111111111
1935, 10, 1111, 00, 0000000000000010
1936, 10, 1111, 00, 1111111111111111
1937, 10, 1111, 00, 1111111111111111
1938, 10, 1111, 00, 0000000000000001
1939, 10, 1111, 00, 0000000000000000
1940, 10, 1111, 00, 0000000000000010
1941, 10, 1111, 00, 0000000000000010
1942, 10, 1111, 00, 0000000000000011
1943, 10, 1111, 00, 0000000000000011
1944, 10, 1111, 00, 0000000000000001
1945, 10, 1111, 00, 1111111111111111
1946, 10, 1111, 00, 0000000000000000
1947, 10, 1111, 00, 0000000000000010
1948, 10, 1111, 00, 0000000000000010
1949, 10, 1111, 00, 1111111111111111
1950, 10, 1111, 00, 0000000000000010
1951, 10, 1111, 00, 0000000000000000
1952, 10, 1111, 00, 1111111111111110
1953, 10, 1111, 00, 1111111111111110
1954, 10, 1111, 00, 1111111111111111
1955, 10, 1111, 00, 0000000000000001
1956, 10, 1111, 00, 0000000000000010
1957, 10, 1111, 00, 0000000000000000
1958, 10, 1111, 00, 0000000000000010
1959, 10, 1111, 00, 0000000000000010
1960, 10, 1111, 00, 0000000000000010
1961, 10, 1111, 00, 0000000000000001
1962, 10, 1111, 00, 1111111111111111
1963, 10, 1111, 00, 0000000000000000
1964, 10, 1111, 00, 0000000000000001
1965, 10, 1111, 00, 0000000000000010
1966, 10, 1111, 00, 0000000000000010
1967, 10, 1111, 00, 0000000000000001
1968, 10, 1111, 00, 1111111111111111
1969, 10, 1111, 00, 0000000000000000
1970, 10, 1111, 00, 0000000000000001
1971, 10, 1111, 00, 0000000000000010
1972, 10, 1111, 00, 0000000000000001
1973, 10, 1111, 00, 0000000000000010
1974, 10, 1111, 00, 0000000000000000
1975, 10, 1111, 00, 0000000000000000
1976, 10, 1111, 00, 0000000000000000
1977, 10, 1111, 00, 0000000000000011
1978, 10, 1111, 00, 0000000000000010
1979, 10, 1111, 00, 0000000000000000
1980, 10, 1111, 00, 0000000000000010
1981, 10, 1111, 00, 0000000000000010
1982, 10, 1111, 00, 0000000000000010
1983, 10, 1111, 00, 0000000000000001
1984, 10, 1111, 00, 0000000000000001
1985, 10, 1111, 00, 0000000000000001
1986, 10, 1111, 00, 0000000000000001
1987, 10, 1111, 00, 0000000000000000
1988, 10, 1111, 00, 0000000000000001
1989, 10, 1111, 00, 0000000000000011
1990, 10, 1111, 00, 0000000000000000
1991, 10, 1111, 00, 0000000000000010
1992, 10, 1111, 00, 0000000000000001
1993, 10, 1111, 00, 0000000000000001
1994, 10, 1111, 00, 0000000000000100
1995, 10, 1111, 00, 0000000000000000
1996, 10, 1111, 00, 0000000000000001
1997, 10, 1111, 00, 0000000000000010
1998, 10, 1111, 00, 0000000000000001
1999, 10, 1111, 00, 0000000000000010
2000, 10, 1111, 00, 0000000000000000
2001, 10, 1111, 00, 0000000000000001
2002, 10, 1111, 00, 0000000000000001
2003, 10, 1111, 00, 1111111111111110
2004, 10, 1111, 00, 1111111111111111
2005, 10, 1111, 00, 0000000000000001
2006, 10, 1111, 00, 0000000000000011
2007, 10, 1111, 00, 1111111111111111
2008, 10, 1111, 00, 1111111111111111
2009, 10, 1111, 00, 0000000000000000
2010, 10, 1111, 00, 1111111111111111
2011, 10, 1111, 00, 0000000000000010
2012, 10, 1111, 00, 0000000000000011
2013, 10, 1111, 00, 0000000000000000
2014, 10, 1111, 00, 0000000000000001
2015, 10, 1111, 00, 0000000000000000
2016, 10, 1111, 00, 1111111111111110
2017, 10, 1111, 00, 1111111111111111
2018, 10, 1111, 00, 1111111111111111
2019, 10, 1111, 00, 1111111111111110
2020, 10, 1111, 00, 0000000000000000
2021, 10, 1111, 00, 0000000000000010
2022, 10, 1111, 00, 0000000000000011
2023, 10, 1111, 00, 0000000000000010
2024, 10, 1111, 00, 0000000000000001
2025, 10, 1111, 00, 0000000000000001
2026, 10, 1111, 00, 1111111111111111
2027, 10, 1111, 00, 0000000000000001
2028, 10, 1111, 00, 0000000000000010
2029, 10, 1111, 00, 0000000000000100
2030, 10, 1111, 00, 0000000000000100
2031, 10, 1111, 00, 0000000000000011
2032, 10, 1111, 00, 0000000000000011
2033, 10, 1111, 00, 0000000000000101
2034, 10, 1111, 00, 0000000000000011
2035, 10, 1111, 00, 1111111111111110
2036, 10, 1111, 00, 0000000000000001
2037, 10, 1111, 00, 1111111111111111
2038, 10, 1111, 00, 0000000000000000
2039, 10, 1111, 00, 1111111111111110
2040, 10, 1111, 00, 0000000000000001
2041, 10, 1111, 00, 0000000000000000
2042, 10, 1111, 00, 1111111111111111
2043, 10, 1111, 00, 0000000000000000
2044, 10, 1111, 00, 1111111111111111
2045, 10, 1111, 00, 1111111111111101
2046, 10, 1111, 00, 0000000000000000
2047, 10, 1111, 00, 0000000000000001
